external_id,name,description,latitude,longitude,radius_meters,points,difficulty,active,check_in_count,length_meters,elevation_meters,image_url,source,route_json
52782,"Jerusalem (Ca 5,4 Km)","Utgangspunktet for turen er parkeringsplassen i krysset Heptekjerrveien - Beverveien. Her går du på flott skogsvei innover. Kjent terreng for alle Venndøler og har gått «Mila» på ski i barneårene.
Denne turen er mulig å kombinere med Mila kort og Eikelandsvarden.",58.273897,8.014016,100,100,Medium,True,466,,,https://images.trimpoeng.no/activity_external_15274488001912705.jpg,Trimpoeng Milevis 2021,"[{""latitude"": 58.283741, ""longitude"": 7.989214}, {""latitude"": 58.283157, ""longitude"": 7.990631}, {""latitude"": 58.283176, ""longitude"": 7.991942}, {""latitude"": 58.282368, ""longitude"": 7.993551}, {""latitude"": 58.282009, ""longitude"": 7.993766}, {""latitude"": 58.281235, ""longitude"": 7.993773}, {""latitude"": 58.279987, ""longitude"": 7.994884}, {""latitude"": 58.2798, ""longitude"": 7.994746}, {""latitude"": 58.279247, ""longitude"": 7.994943}, {""latitude"": 58.279068, ""longitude"": 7.994038}, {""latitude"": 58.279495, ""longitude"": 7.992414}, {""latitude"": 58.279587, ""longitude"": 7.990577}, {""latitude"": 58.27953, ""longitude"": 7.989517}, {""latitude"": 58.27935, ""longitude"": 7.989495}, {""latitude"": 58.278858, ""longitude"": 7.990093}, {""latitude"": 58.27763, ""longitude"": 7.992898}, {""latitude"": 58.276936, ""longitude"": 7.993506}, {""latitude"": 58.275738, ""longitude"": 7.995195}, {""latitude"": 58.275051, ""longitude"": 7.995893}, {""latitude"": 58.27449, ""longitude"": 7.998572}, {""latitude"": 58.275169, ""longitude"": 8.004885}, {""latitude"": 58.275131, ""longitude"": 8.006699}, {""latitude"": 58.274841, ""longitude"": 8.007517}, {""latitude"": 58.275024, ""longitude"": 8.00992}, {""latitude"": 58.274998, ""longitude"": 8.010273}, {""latitude"": 58.274826, ""longitude"": 8.010393}, {""latitude"": 58.274261, ""longitude"": 8.010282}, {""latitude"": 58.273979, ""longitude"": 8.011187}, {""latitude"": 58.273811, ""longitude"": 8.012183}, {""latitude"": 58.273937, ""longitude"": 8.014258}]"
52783,"Nasbøvarden rundløype (Ca 9,3 km)",Dette er også en av Venneslas topper. Besøk Nasbøvarden med det fantastisk flotte tårnet. Turen starter ved Kjåvannet. Her er det stor parkeringsplass. Følg oppmerket løype/GPS spor frem til tårnet. Herfra er det også mulig å følge merket løype videre til Lillevarden og Naspehelleren,58.311399,7.909078,100,500,Ekstra krevende,True,1579,,,https://images.trimpoeng.no/activity_external_15920387999458224.jpg,Trimpoeng Milevis 2021,"[{""latitude"": 58.29859, ""longitude"": 7.89788}, {""latitude"": 58.3, ""longitude"": 7.89806}, {""latitude"": 58.30141, ""longitude"": 7.89872}, {""latitude"": 58.3028, ""longitude"": 7.89878}, {""latitude"": 58.30304, ""longitude"": 7.89872}, {""latitude"": 58.30398, ""longitude"": 7.89769}, {""latitude"": 58.30455, ""longitude"": 7.89729}, {""latitude"": 58.30528, ""longitude"": 7.89726}, {""latitude"": 58.30655, ""longitude"": 7.89789}, {""latitude"": 58.30733, ""longitude"": 7.89807}, {""latitude"": 58.30844, ""longitude"": 7.8981}, {""latitude"": 58.31067, ""longitude"": 7.89634}, {""latitude"": 58.31156, ""longitude"": 7.89611}, {""latitude"": 58.31221, ""longitude"": 7.89552}, {""latitude"": 58.31296, ""longitude"": 7.89537}, {""latitude"": 58.31407, ""longitude"": 7.89576}, {""latitude"": 58.31471, ""longitude"": 7.89543}, {""latitude"": 58.31619, ""longitude"": 7.89632}, {""latitude"": 58.31697, ""longitude"": 7.89721}, {""latitude"": 58.3174, ""longitude"": 7.89716}, {""latitude"": 58.31861, ""longitude"": 7.89855}, {""latitude"": 58.3192, ""longitude"": 7.8986}, {""latitude"": 58.31977, ""longitude"": 7.89899}, {""latitude"": 58.31994, ""longitude"": 7.89967}, {""latitude"": 58.31952, ""longitude"": 7.90078}, {""latitude"": 58.31945, ""longitude"": 7.90256}, {""latitude"": 58.31917, ""longitude"": 7.90347}, {""latitude"": 58.31943, ""longitude"": 7.90464}, {""latitude"": 58.3189, ""longitude"": 7.90512}, {""latitude"": 58.31697, ""longitude"": 7.90541}, {""latitude"": 58.31671, ""longitude"": 7.90525}, {""latitude"": 58.31648, ""longitude"": 7.9037}, {""latitude"": 58.31626, ""longitude"": 7.90358}, {""latitude"": 58.31597, ""longitude"": 7.90285}, {""latitude"": 58.31531, ""longitude"": 7.90234}, {""latitude"": 58.31488, ""longitude"": 7.9026}, {""latitude"": 58.31446, ""longitude"": 7.90306}, {""latitude"": 58.31382, ""longitude"": 7.90573}, {""latitude"": 58.31215, ""longitude"": 7.90631}, {""latitude"": 58.31134, ""longitude"": 7.90684}, {""latitude"": 58.31064, ""longitude"": 7.9078}, {""latitude"": 58.30994, ""longitude"": 7.90835}, {""latitude"": 58.30961, ""longitude"": 7.90913}, {""latitude"": 58.3097, ""longitude"": 7.90994}, {""latitude"": 58.31011, ""longitude"": 7.91039}, {""latitude"": 58.31074, ""longitude"": 7.91012}]"
52784,Eitjønn - Rogeheia (Ca 2 km),"Kjør opp Eikelandsdalen, og ta bakkene opp mot Utsikten. Ca 100 meter etter innkjørselen til Utsikten, går det en skogsveg på venstre side. Her er det mulighet for parkering, men litt begrenset. Følg skogsvegen ca 300 m, ta så til høyre og følg sti videre. Her går du i lett terreng så dette er en tur for hele familien. 
Fantastisk flott utsikt. Følg GPS spor på kart i APP.",58.300391,7.991307,100,100,Medium,True,249,,,https://images.trimpoeng.no/activity_external_14935051816053562.jpg,Trimpoeng Milevis 2021,"[{""latitude"": 58.2946734, ""longitude"": 7.99279874}, {""latitude"": 58.29562909, ""longitude"": 7.99380202}, {""latitude"": 58.29597064, ""longitude"": 7.9946397}, {""latitude"": 58.29652363, ""longitude"": 7.99471691}, {""latitude"": 58.29678283, ""longitude"": 7.99429477}, {""latitude"": 58.29664087, ""longitude"": 7.99328783}, {""latitude"": 58.29677853, ""longitude"": 7.99269079}, {""latitude"": 58.29713968, ""longitude"": 7.99257343}, {""latitude"": 58.29730895, ""longitude"": 7.99270955}, {""latitude"": 58.29833314, ""longitude"": 7.99201084}, {""latitude"": 58.29870232, ""longitude"": 7.99063251}, {""latitude"": 58.29943682473772, ""longitude"": 7.9911915104754705}, {""latitude"": 58.299684235615246, ""longitude"": 7.991519922803363}, {""latitude"": 58.300154848286994, ""longitude"": 7.992425184442733}]"
52785,Indre Linnvann (Ca 4.6 km),"Stemmen ble bygd rundt 1960 for drikkevannsforsyninga til Vennesla. Tidligere lå der en lavere stem for sagbruka lenger nede i bekken. Vannbassenget består av Indre Linvann, Lyngvann og Takstetjønn som alle tre nå henger sammen.
Utgangspunktet for turen er Lianevegen.Kjør riksveg mot Kristiansand, når du passerer innkjøringa til Åsvegen, tar du neste veg til venstre, kjør opp denne til du kommer forbi jernbane undergang.
Her er det mulig å parkere. Ta til venstre etter underganga. Følg denne vegen i ca 30 m, da tar du inn veg til høyre. Følg denne vegen, etter ca 600 m kommer det skilt til Sagevann, følg dette. Etter ca 1,1 km kommer det et kryss, her tar du til høyre og følger traktorveg. Etter ca 1,5 km tar du til høyre på grusveg.Følg denne til du kommer til skilt mot Sagevann. Følg stien til målet",58.230274,7.971697,75,200,Krevende,True,309,,,https://images.trimpoeng.no/activity_external_15871415902378561.jpg,Trimpoeng Milevis 2021,"[{""latitude"": 58.242226367444, ""longitude"": 7.9523179433319}, {""latitude"": 58.241917811736, ""longitude"": 7.9549445806175}, {""latitude"": 58.242069386018, ""longitude"": 7.9557851507648}, {""latitude"": 58.242052813321, ""longitude"": 7.9576146085586}, {""latitude"": 58.241493680661, ""longitude"": 7.958877941193}, {""latitude"": 58.241524655586, ""longitude"": 7.9606573768083}, {""latitude"": 58.241296776739, ""longitude"": 7.9615974455308}, {""latitude"": 58.240822278714, ""longitude"": 7.961982298118}, {""latitude"": 58.240068087844, ""longitude"": 7.9632018077379}, {""latitude"": 58.238117438459, ""longitude"": 7.9635767603413}, {""latitude"": 58.237386174582, ""longitude"": 7.963395218206}, {""latitude"": 58.236924799985, ""longitude"": 7.9643128243799}, {""latitude"": 58.23672681669, ""longitude"": 7.964203723499}, {""latitude"": 58.235990430056, ""longitude"": 7.9643419390961}, {""latitude"": 58.235665627834, ""longitude"": 7.9634342473321}, {""latitude"": 58.234721483394, ""longitude"": 7.9627082845372}, {""latitude"": 58.234194494376, ""longitude"": 7.9651901497573}, {""latitude"": 58.233624256987, ""longitude"": 7.9668492404848}, {""latitude"": 58.233596684041, ""longitude"": 7.9673214726064}, {""latitude"": 58.233853138975, ""longitude"": 7.9682206937386}, {""latitude"": 58.233721011534, ""longitude"": 7.9691668129685}, {""latitude"": 58.233473338677, ""longitude"": 7.9697386961185}, {""latitude"": 58.232587392688, ""longitude"": 7.9706744615525}, {""latitude"": 58.232301028124, ""longitude"": 7.9715440911616}, {""latitude"": 58.231112507449, ""longitude"": 7.971263030342}, {""latitude"": 58.230878383458, ""longitude"": 7.9710068764756}, {""latitude"": 58.230500026488, ""longitude"": 7.9716994798632}]"
52786,Mila Kort (Ca 6 km),Utgangspunkt for turen er Heptekjerr. Finn skilter som turløypene er merket. Det er bra merking hele vegen på turen. Flott rundtur.,58.279453,8.010431,100,100,Medium,True,501,,,https://images.trimpoeng.no/activity_external_14627441799708594.jpg,Trimpoeng Milevis 2021,
52787,Takstetjønn (ca 5 km),"Dette er den nye vegen som går mellom Saga terrasse og Ålefjær. 
Du kan velge å begynne i Ålefjær eller på Saga, begge plasser har grei parkering. Det er en grusvei av god kvalitet, så her er det fint å ta med sykkelen også. Litt bratt stigning i begge ender, men når du først er kommet opp så er det helt utrolig fint.",58.221941,7.982544,100,100,Medium,True,110,,,https://images.trimpoeng.no/activity_external_14622157299040501.jpg,Trimpoeng Milevis 2021,
52788,Kringsjå (ca 5 km),"Det er fin parkering ved Steinsfossen. Herfra kan du gå Venneslas stolthet; Tømmerrenna i ca 1,8 km. Derfra går du på det gamle damanlegget til den gamle kraftstasjonen. Kringsjå er et historisk område der et lite samfunn eksisterte i ca 60 år basert på aktiviteten rundt kraftstasjonen fra ca 1900. På slutten av 60 tallet var alle bygninger revet og i dag består området av kulturminner og ruiner. Spennene og flott sted for store og små. Ta med niste! Turen er godt merket om hvordan du finner frem, og masse informasjon ang plassen på andre oppslag.",58.31422,7.967992,100,100,Medium,True,843,2691,,https://images.trimpoeng.no/activity_external_14624650858213717.jpg,Trimpoeng Milevis 2021,"[{""latitude"": 58.3005164, ""longitude"": 7.969215}, {""latitude"": 58.3011939, ""longitude"": 7.9701746}, {""latitude"": 58.3016614, ""longitude"": 7.9683665}, {""latitude"": 58.3024672, ""longitude"": 7.9678262}, {""latitude"": 58.3029783, ""longitude"": 7.9680353}, {""latitude"": 58.3034253, ""longitude"": 7.9680127}, {""latitude"": 58.304731, ""longitude"": 7.9673542}, {""latitude"": 58.305461, ""longitude"": 7.9666752}, {""latitude"": 58.3062173, ""longitude"": 7.966775}, {""latitude"": 58.3070369, ""longitude"": 7.9663775}, {""latitude"": 58.3083361, ""longitude"": 7.9666167}, {""latitude"": 58.3097519, ""longitude"": 7.9659465}, {""latitude"": 58.311515, ""longitude"": 7.9644361}, {""latitude"": 58.3119598, ""longitude"": 7.9643593}, {""latitude"": 58.3127076, ""longitude"": 7.9638444}, {""latitude"": 58.3152498, ""longitude"": 7.9599942}, {""latitude"": 58.315189, ""longitude"": 7.9595276}, {""latitude"": 58.3157146, ""longitude"": 7.9605042}, {""latitude"": 58.3157013, ""longitude"": 7.960905}, {""latitude"": 58.3153259, ""longitude"": 7.9619972}, {""latitude"": 58.3147559, ""longitude"": 7.9623666}, {""latitude"": 58.3143851, ""longitude"": 7.9629518}, {""latitude"": 58.3152344, ""longitude"": 7.9638762}, {""latitude"": 58.3155342, ""longitude"": 7.9645477}, {""latitude"": 58.3153116, ""longitude"": 7.9663407}, {""latitude"": 58.3154117, ""longitude"": 7.9675523}, {""latitude"": 58.3153395, ""longitude"": 7.9677593}, {""latitude"": 58.31526642322261, ""longitude"": 7.968372130163566}, {""latitude"": 58.31505253169052, ""longitude"": 7.968670061587697}, {""latitude"": 58.314776400869704, ""longitude"": 7.96860568857134}, {""latitude"": 58.31439319534221, ""longitude"": 7.96810143327654}]"
52789,Knudane (ca 7 km),"Knudane var en av de gamle heiegådene som ble nedlagt for mange år siden. Første gang gården er nevnt er i 1647. I dag står kun husmurene igjen og du kan også finne restene av den gamle bakerovnen. Det er fin parkering ved Steinsfossen. Herfra kan du gå Venneslas stolthet; Tømmerrenna i ca 2,5 km. Her går du ut av tømmerrenna på høyre side, følger sti opp vegen der du tar til venstre. Etter ca 200m passeres noen imponerende hytter/byggverk. Her har virkelig fantasien løpt løpsk. Her kan du utforske, se og la deg forbløffe over kreativiteten som er brukt.Etter en stopp her så er det bare å fortsette opp den bratte bakken ca 1 km. På toppen så finner du ruinene på Knudane. På returen følger du samme veg tilbake, eller du kan følge vegen som ender ved Kringsjå.",58.321391,7.948382,68,200,Krevende,True,552,7000,,https://images.trimpoeng.no/activity_external_14622164194934115.jpg,Trimpoeng Milevis 2021,"[{""latitude"": 58.300274, ""longitude"": 7.9694805}, {""latitude"": 58.30061, ""longitude"": 7.96918}, {""latitude"": 58.301205, ""longitude"": 7.970168}, {""latitude"": 58.30139, ""longitude"": 7.969131}, {""latitude"": 58.30201, ""longitude"": 7.967925}, {""latitude"": 58.30224, ""longitude"": 7.967775}, {""latitude"": 58.304234, ""longitude"": 7.967343}, {""latitude"": 58.30579, ""longitude"": 7.966337}, {""latitude"": 58.306377, ""longitude"": 7.9664583}, {""latitude"": 58.30693, ""longitude"": 7.9663105}, {""latitude"": 58.30828, ""longitude"": 7.966697}, {""latitude"": 58.310566, ""longitude"": 7.965437}, {""latitude"": 58.311413, ""longitude"": 7.964557}, {""latitude"": 58.31248, ""longitude"": 7.96395}, {""latitude"": 58.315254, ""longitude"": 7.9599566}, {""latitude"": 58.31612, ""longitude"": 7.957882}, {""latitude"": 58.31682, ""longitude"": 7.955803}, {""latitude"": 58.317448, ""longitude"": 7.949919}, {""latitude"": 58.31772, ""longitude"": 7.9500628}, {""latitude"": 58.31779, ""longitude"": 7.949426}, {""latitude"": 58.31798, ""longitude"": 7.949188}, {""latitude"": 58.31825, ""longitude"": 7.9491944}, {""latitude"": 58.31845, ""longitude"": 7.949736}, {""latitude"": 58.318275, ""longitude"": 7.950451}, {""latitude"": 58.31909, ""longitude"": 7.9529095}, {""latitude"": 58.319828, ""longitude"": 7.952925}, {""latitude"": 58.320065, ""longitude"": 7.952565}, {""latitude"": 58.31982, ""longitude"": 7.9517317}, {""latitude"": 58.319843, ""longitude"": 7.9512453}, {""latitude"": 58.320293, ""longitude"": 7.9509616}, {""latitude"": 58.32064, ""longitude"": 7.95048}, {""latitude"": 58.320858, ""longitude"": 7.950605}, {""latitude"": 58.32131, ""longitude"": 7.9502225}, {""latitude"": 58.321606, ""longitude"": 7.9496117}, {""latitude"": 58.321503, ""longitude"": 7.9490023}]"
52790,Avdagsfjellet,"Avdagsfjellet ligger i Frigstadgrenda øverst i Iveland kommune. Fjellet ligger 544 m.o.h. , lokalisert i det høyest beliggende området i kommunen. Avdagsfjellet er en spesiell formasjon, noen kaller det Ivelands Bessegg, mens andre beskriver det som ryggen av en kjempemessig hval som strekker seg mot sørøst.",58.534275,7.891596,100,200,Krevende,False,0,,,https://images.trimpoeng.no/activity_external_15895799615580836.jpg,Trimpoeng Milevis 2021,"[{""latitude"": 58.52328921460029, ""longitude"": 7.884838157424916}, {""latitude"": 58.5241458754118, ""longitude"": 7.884365798950181}, {""latitude"": 58.524757222242634, ""longitude"": 7.884633612442005}, {""latitude"": 58.52535402639374, ""longitude"": 7.884418628311147}, {""latitude"": 58.52579, ""longitude"": 7.88441}, {""latitude"": 58.52736, ""longitude"": 7.88535}, {""latitude"": 58.52787, ""longitude"": 7.88587}, {""latitude"": 58.52821, ""longitude"": 7.8866}, {""latitude"": 58.52895, ""longitude"": 7.88724}, {""latitude"": 58.52933, ""longitude"": 7.8872}, {""latitude"": 58.5307, ""longitude"": 7.88767}, {""latitude"": 58.53164, ""longitude"": 7.88861}, {""latitude"": 58.53199, ""longitude"": 7.8896}, {""latitude"": 58.53309, ""longitude"": 7.88981}, {""latitude"": 58.53352, ""longitude"": 7.88934}, {""latitude"": 58.5339, ""longitude"": 7.88934}, {""latitude"": 58.53423, ""longitude"": 7.889}, {""latitude"": 58.53466, ""longitude"": 7.88887}, {""latitude"": 58.53473, ""longitude"": 7.8899}, {""latitude"": 58.53437, ""longitude"": 7.89114}]"
52791,"MoseidTjønna (ca 1,5 km)",Parker bilen i Smååsane. Følg lysløypa. Flott vei rundt hele MoseidTjønna . Her kan du gå og sykle. Kjapp liten runde om du vil ha en liten kveldstur. Kan også kombineres med en avstikker opp til Rampa.,58.259923,7.940594,100,75,Enkel,True,2916,,,https://images.trimpoeng.no/activity_external_14633046576103176.jpg,Trimpoeng Milevis 2021,
52792,"Paulenfjellet ( Ca 9,6 km)","Parker før bommen i Kvernhusdalen. Gå grusvegen og ta til venstre etter ca 1,5 km. Følg veien forbi Kringsjå. Når du kommer over hengebroa, tar du inn stien til venstre. Følg denne til du ser Paulen gård. Passer forbi gården og så finner stien merket Slottet på motsatt side av skinnegangen til Setesdalsbanen Herfra er det bare å følge stien opp til Slottet Husmannsplass. Når du kommer opp til Slottet tar du til høyre og følger stien til Paulenfjellet",58.312422,7.957204,100,200,Krevende,True,233,4808,,https://images.trimpoeng.no/activity_external_15861115743410215.jpg,Trimpoeng Milevis 2021,"[{""latitude"": 58.302748641308, ""longitude"": 7.9756190018333}, {""latitude"": 58.30332870417, ""longitude"": 7.9739758200643}, {""latitude"": 58.303343712187, ""longitude"": 7.9715986630371}, {""latitude"": 58.304190635385, ""longitude"": 7.9699629478377}, {""latitude"": 58.304906707405, ""longitude"": 7.9693447712389}, {""latitude"": 58.305968108899, ""longitude"": 7.9694211369765}, {""latitude"": 58.307011452878, ""longitude"": 7.9683897542814}, {""latitude"": 58.307759323305, ""longitude"": 7.968487596603}, {""latitude"": 58.30868111687, ""longitude"": 7.969262483582}, {""latitude"": 58.310289237389, ""longitude"": 7.969292706795}, {""latitude"": 58.310933484733, ""longitude"": 7.9697163078879}, {""latitude"": 58.311694785953, ""longitude"": 7.9705478313754}, {""latitude"": 58.313273115071, ""longitude"": 7.9708343180523}, {""latitude"": 58.313916555822, ""longitude"": 7.9715732279608}, {""latitude"": 58.314402540604, ""longitude"": 7.9708485385417}, {""latitude"": 58.314954400945, ""longitude"": 7.9704577968544}, {""latitude"": 58.315265410159, ""longitude"": 7.970605016522}, {""latitude"": 58.315645634837, ""longitude"": 7.9712476306245}, {""latitude"": 58.315850528032, ""longitude"": 7.9712691430508}, {""latitude"": 58.316040120857, ""longitude"": 7.9701619105321}, {""latitude"": 58.315821936195, ""longitude"": 7.9689599037532}, {""latitude"": 58.315902126294, ""longitude"": 7.9681423045706}, {""latitude"": 58.315719504633, ""longitude"": 7.9678374157146}, {""latitude"": 58.315340466308, ""longitude"": 7.9682635416469}, {""latitude"": 58.315232767468, ""longitude"": 7.9678358730864}, {""latitude"": 58.314922954469, ""longitude"": 7.9678412457428}, {""latitude"": 58.315311175514, ""longitude"": 7.9677906819636}, {""latitude"": 58.315454570396, ""longitude"": 7.9646071116201}, {""latitude"": 58.315149097642, ""longitude"": 7.963907792702}, {""latitude"": 58.314411594392, ""longitude"": 7.9631362249113}, {""latitude"": 58.313591332221, ""longitude"": 7.9635556567689}, {""latitude"": 58.312949353402, ""longitude"": 7.9632618038426}, {""latitude"": 58.312671036998, ""longitude"": 7.9637506003023}, {""latitude"": 58.312293404362, ""longitude"": 7.9624074457872}, {""latitude"": 58.311680933805, ""longitude"": 7.961510509989}, {""latitude"": 58.311790777148, ""longitude"": 7.961193835959}, {""latitude"": 58.31158209648, ""longitude"": 7.9606472613093}, {""latitude"": 58.310945280896, ""longitude"": 7.9611176194902}, {""latitude"": 58.310557977404, ""longitude"": 7.9618224006295}, {""latitude"": 58.310658405588, ""longitude"": 7.9609839927699}, {""latitude"": 58.309431330358, ""longitude"": 7.9618645821498}, {""latitude"": 58.308681428773, ""longitude"": 7.9614684519914}, {""latitude"": 58.308229783663, ""longitude"": 7.961778075568}, {""latitude"": 58.307811496038, ""longitude"": 7.9614298729214}, {""latitude"": 58.307512744469, ""longitude"": 7.9617155478679}, {""latitude"": 58.307126124493, ""longitude"": 7.9615148477621}, {""latitude"": 58.30693903768, ""longitude"": 7.9610886371423}, {""latitude"": 58.306309831067, ""longitude"": 7.9612443554408}, {""latitude"": 58.305870846761, ""longitude"": 7.9609739637869}, {""latitude"": 58.305332916463, ""longitude"": 7.9610829768272}, {""latitude"": 58.304985586458, ""longitude"": 7.9607868492553}, {""latitude"": 58.304697273593, ""longitude"": 7.9598004297221}, {""latitude"": 58.304901517909, ""longitude"": 7.9590034841182}, {""latitude"": 58.305438816761, ""longitude"": 7.9586094410918}, {""latitude"": 58.306098580893, ""longitude"": 7.9573404671666}, {""latitude"": 58.306724398003, ""longitude"": 7.9571843533998}, {""latitude"": 58.307910430502, ""longitude"": 7.9564188183028}, {""latitude"": 58.308854646935, ""longitude"": 7.9560917492955}, {""latitude"": 58.309560063006, ""longitude"": 7.9560283315819}, {""latitude"": 58.310803003192, ""longitude"": 7.9565425538468}, {""latitude"": 58.31114786928, ""longitude"": 7.9565334389643}, {""latitude"": 58.311817406496, ""longitude"": 7.9572986969704}, {""latitude"": 58.31236012896277, ""longitude"": 7.957340864766942}]"
52793,Brennevinsknipen,"Brennevinsknipen. OBS. Parkering er på oversiden av bommen. En enkel og relativ kort tur, men som ender opp med en formidabel utsikt. Turen starter innerst i bunnen av Moskedalen. Følg dårlig traktorvei mot Svarttjønn. Hold til høyre og følg sti på sørvest siden av tjønna. Turen går i lett myrterreng, før den plutselig stiger litt bratt opp mot toppen av Brennevinsknipen. Nydelig sti i flott, gammel blandingsskog. Legg spesielt merke til samling av stein på venstre side av stien, like før toppen. Dette er faktisk ei grav fra Vikingetiden. På toppen nytes en fantastisk utsikt over havet i sør, Jovann i øst og Hestehei i vest. GOD TUR.",58.253549,8.010369,65,100,Medium,True,97,1104,,https://images.trimpoeng.no/activity_external_15561392224489692.jpg,Trimpoeng Milevis 2021,"[{""latitude"": 58.25542436204408, ""longitude"": 7.995292324296148}, {""latitude"": 58.25591476068341, ""longitude"": 7.996145340535912}, {""latitude"": 58.25632231194049, ""longitude"": 7.996972003145917}, {""latitude"": 58.256745438317, ""longitude"": 7.9984562483482}, {""latitude"": 58.25658768808, ""longitude"": 7.9990489441096}, {""latitude"": 58.256131860516, ""longitude"": 7.9995190182401}, {""latitude"": 58.25588263909, ""longitude"": 8.0009613349296}, {""latitude"": 58.255600262297, ""longitude"": 8.0011673046975}, {""latitude"": 58.255389678534, ""longitude"": 8.0010927478913}, {""latitude"": 58.255032387901, ""longitude"": 8.0021580242329}, {""latitude"": 58.25459621761, ""longitude"": 8.0025330396503}, {""latitude"": 58.254657071121, ""longitude"": 8.0035985101393}, {""latitude"": 58.254010865147, ""longitude"": 8.0059453547007}, {""latitude"": 58.254038711393, ""longitude"": 8.0086472641015}, {""latitude"": 58.253808417935, ""longitude"": 8.0099525133767}, {""latitude"": 58.253549266726, ""longitude"": 8.0103686918801}]"
52794,Fisketjønn,"Dette er vårt nye punkt på Rogeheia. Med dette punktet har vi laget muligheten for ei fantastisk rundløype med hele 3 innsjekk. Turen har samme utgangspunkt som Lille Tempel og Eitjønn. Ca 50 m etter broa tar du rett opp til høyre. Følg tydelig sti langs Fisketjønn. Punktet ligger ved stiskille helt innerst  i Tjønna. For å få rundløype, gå opp bratt bakke og følg Venneslas fineste skogstur på sti til Eitjønn. Og så videre til lille Tempel. Bruk god tid, nyt naturen, kjenn luktene og hør fuglene.",58.303085,8.003588,100,100,Medium,True,248,1183,,https://images.trimpoeng.no/activity_external_15564809907524304.jpg,Trimpoeng Milevis 2021,"[{""latitude"": 58.294792574516, ""longitude"": 7.9928526364024}, {""latitude"": 58.295770883853, ""longitude"": 7.9937623972652}, {""latitude"": 58.295947723382, ""longitude"": 7.9946104893426}, {""latitude"": 58.296337255417, ""longitude"": 7.9948172928469}, {""latitude"": 58.296706836429, ""longitude"": 7.995678245745}, {""latitude"": 58.297189517133, ""longitude"": 7.9959565479504}, {""latitude"": 58.297467714201, ""longitude"": 7.996734737803}, {""latitude"": 58.298054525097, ""longitude"": 7.997197216748}, {""latitude"": 58.29819049774, ""longitude"": 7.9975010531909}, {""latitude"": 58.298631577391, ""longitude"": 7.9974651501619}, {""latitude"": 58.298791389677, ""longitude"": 7.9979214294921}, {""latitude"": 58.299676120335, ""longitude"": 7.9986850138296}, {""latitude"": 58.299866556146, ""longitude"": 7.9992442048216}, {""latitude"": 58.300582469048, ""longitude"": 7.9995100555659}, {""latitude"": 58.300839151126, ""longitude"": 8.0005382836738}, {""latitude"": 58.301218128643, ""longitude"": 8.0011012331855}, {""latitude"": 58.301373952575, ""longitude"": 8.0010419911556}, {""latitude"": 58.301609141839, ""longitude"": 8.0012970105465}, {""latitude"": 58.302090901185, ""longitude"": 8.002439804861}, {""latitude"": 58.302637493917, ""longitude"": 8.0028588038436}, {""latitude"": 58.303085470452, ""longitude"": 8.0035876668976}]"
52795,"Sørtjønn (Ca 5,2 km)","Flott tur fra Jovann, rundt Sørtjønn og tilbake til Jovann. Flott traktorvei å gå på. Nydelig natur og den beste fuglesangen som finnes. Anbefales.",58.260394,8.051634,100,100,Medium,True,166,,,https://images.trimpoeng.no/activity_external_14936736992680312.jpg,Trimpoeng Milevis 2021,"[{""latitude"": 58.259995, ""longitude"": 8.013473}, {""latitude"": 58.259495, ""longitude"": 8.017543}, {""latitude"": 58.259243, ""longitude"": 8.018144}, {""latitude"": 58.259262, ""longitude"": 8.019603}, {""latitude"": 58.258904, ""longitude"": 8.023588}, {""latitude"": 58.258923, ""longitude"": 8.024622}, {""latitude"": 58.259148, ""longitude"": 8.025642}, {""latitude"": 58.259056, ""longitude"": 8.027822}, {""latitude"": 58.258884, ""longitude"": 8.028507}, {""latitude"": 58.259026, ""longitude"": 8.032469}, {""latitude"": 58.258907, ""longitude"": 8.033254}, {""latitude"": 58.258396, ""longitude"": 8.034498}, {""latitude"": 58.25843, ""longitude"": 8.037114}, {""latitude"": 58.2579, ""longitude"": 8.040036}, {""latitude"": 58.258007, ""longitude"": 8.041483}, {""latitude"": 58.258343, ""longitude"": 8.042828}, {""latitude"": 58.258305, ""longitude"": 8.045505}, {""latitude"": 58.258457, ""longitude"": 8.047043}, {""latitude"": 58.258778, ""longitude"": 8.04836}, {""latitude"": 58.258717, ""longitude"": 8.05099}, {""latitude"": 58.259132, ""longitude"": 8.052691}, {""latitude"": 58.259129, ""longitude"": 8.053466}, {""latitude"": 58.259258, ""longitude"": 8.053716}, {""latitude"": 58.259632, ""longitude"": 8.053912}, {""latitude"": 58.260464, ""longitude"": 8.053953}, {""latitude"": 58.260567, ""longitude"": 8.052911}, {""latitude"": 58.260453878619224, ""longitude"": 8.051776885986328}]"
52796,Turstien / Vikeland Hovedgård,Utgangspunkt er Hovedgården eller Kvivollen. Flott tursti som går mellom Vikeland hovedgård og Kvivollen på Vikeland. Kort og grei tur om du vil ut på en liten kveldstur. Innsjekkingspunkt er på elvebredden ved Hovedgården,58.25,7.953227,77,50,Enkel,True,1308,,,https://images.trimpoeng.no/activity_external_15902231314964352.jpg,Trimpoeng Milevis 2021,
52797,"Thommasens Hytte (Ca 5,5 km)","Det er fin parkering ved Steinsfossen. Herfra kan du gå Venneslas stolthet; Tømmerrenna i ca 2,5 km. Her går du ut av tømmerrenna på høyre side, følger sti opp vegen der du tar til venstre. Etter ca 200m kommer du til Thommasens hytter. Dette er noen imponerende hytter/byggverk. Her har virkelig fantasien løpt løpsk. Her kan du utforske, se og la deg forbløffe over kreativiteten som er brukt. På returen følger du samme veg tilbake eller følger vegen og kommer til Kringsjå",58.318367,7.949756,75,100,Medium,True,689,,,https://images.trimpoeng.no/activity_external_15853446533573516.jpg,Trimpoeng Milevis 2021,"[{""latitude"": 58.300274, ""longitude"": 7.9694805}, {""latitude"": 58.30061, ""longitude"": 7.96918}, {""latitude"": 58.301205, ""longitude"": 7.970168}, {""latitude"": 58.30139, ""longitude"": 7.969131}, {""latitude"": 58.30201, ""longitude"": 7.967925}, {""latitude"": 58.30224, ""longitude"": 7.967775}, {""latitude"": 58.304234, ""longitude"": 7.967343}, {""latitude"": 58.30579, ""longitude"": 7.966337}, {""latitude"": 58.306377, ""longitude"": 7.9664583}, {""latitude"": 58.30693, ""longitude"": 7.9663105}, {""latitude"": 58.30828, ""longitude"": 7.966697}, {""latitude"": 58.310566, ""longitude"": 7.965437}, {""latitude"": 58.311413, ""longitude"": 7.964557}, {""latitude"": 58.312183, ""longitude"": 7.9641743}, {""latitude"": 58.312817, ""longitude"": 7.963585}, {""latitude"": 58.315254, ""longitude"": 7.9599566}, {""latitude"": 58.316055, ""longitude"": 7.9580646}, {""latitude"": 58.31682, ""longitude"": 7.955803}, {""latitude"": 58.31732, ""longitude"": 7.951541}, {""latitude"": 58.317318, ""longitude"": 7.9503026}, {""latitude"": 58.317448, ""longitude"": 7.949919}, {""latitude"": 58.31772, ""longitude"": 7.9500628}, {""latitude"": 58.31786, ""longitude"": 7.949313}, {""latitude"": 58.31811, ""longitude"": 7.949125}, {""latitude"": 58.31825, ""longitude"": 7.9491944}]"
52798,Moseidvarden (Ca 8km),"Et bra startpunkt for denne turen er Smååsane hvor det er fint å parkere. Det er mulig å komme til Moseidvarden på flere måter. Vi vil anbefale å ta denne turen som en rundtur. Da går du mot Moseidtjønna, videre til Rauåna så til varden. Følg GPS spor i APP.",58.268072,7.910628,200,500,Ekstra krevende,True,1928,,,https://images.trimpoeng.no/activity_external_16189493406045366.jpg,Trimpoeng Milevis 2021,"[{""latitude"": 58.26428167, ""longitude"": 7.94149}, {""latitude"": 58.264275, ""longitude"": 7.94138333}, {""latitude"": 58.26314833, ""longitude"": 7.94117}, {""latitude"": 58.261135, ""longitude"": 7.94120667}, {""latitude"": 58.26083667, ""longitude"": 7.94144167}, {""latitude"": 58.26059333, ""longitude"": 7.94258}, {""latitude"": 58.26028667, ""longitude"": 7.94281167}, {""latitude"": 58.26004667, ""longitude"": 7.94269}, {""latitude"": 58.25960667, ""longitude"": 7.94158167}, {""latitude"": 58.25906833, ""longitude"": 7.94147167}, {""latitude"": 58.25858333, ""longitude"": 7.94159833}, {""latitude"": 58.25830333, ""longitude"": 7.94143667}, {""latitude"": 58.25803833, ""longitude"": 7.94163833}, {""latitude"": 58.25713167, ""longitude"": 7.941545}, {""latitude"": 58.25725833, ""longitude"": 7.94069}, {""latitude"": 58.25713, ""longitude"": 7.94039167}, {""latitude"": 58.25679833, ""longitude"": 7.94014}, {""latitude"": 58.25638167, ""longitude"": 7.94044}, {""latitude"": 58.25610333, ""longitude"": 7.94032167}, {""latitude"": 58.25559833, ""longitude"": 7.93953333}, {""latitude"": 58.254775, ""longitude"": 7.93915167}, {""latitude"": 58.25402833, ""longitude"": 7.93841833}, {""latitude"": 58.25322667, ""longitude"": 7.93808333}, {""latitude"": 58.25310167, ""longitude"": 7.93743167}, {""latitude"": 58.252585, ""longitude"": 7.93707}, {""latitude"": 58.252365, ""longitude"": 7.936435}, {""latitude"": 58.25251333, ""longitude"": 7.93547}, {""latitude"": 58.252245, ""longitude"": 7.93434}, {""latitude"": 58.252285, ""longitude"": 7.93286}, {""latitude"": 58.25275, ""longitude"": 7.93055667}, {""latitude"": 58.25323, ""longitude"": 7.92918167}, {""latitude"": 58.253235, ""longitude"": 7.92719667}, {""latitude"": 58.253535, ""longitude"": 7.92597333}, {""latitude"": 58.253415, ""longitude"": 7.92460667}, {""latitude"": 58.25444167, ""longitude"": 7.92152333}, {""latitude"": 58.254525, ""longitude"": 7.919845}, {""latitude"": 58.254755, ""longitude"": 7.918715}, {""latitude"": 58.25509, ""longitude"": 7.91810167}, {""latitude"": 58.25575667, ""longitude"": 7.91742167}, {""latitude"": 58.25682833, ""longitude"": 7.91716333}, {""latitude"": 58.25726333, ""longitude"": 7.91720667}, {""latitude"": 58.25774667, ""longitude"": 7.91690167}, {""latitude"": 58.25803333, ""longitude"": 7.917145}, {""latitude"": 58.25826167, ""longitude"": 7.91783333}, {""latitude"": 58.25949333, ""longitude"": 7.91886667}, {""latitude"": 58.25981167, ""longitude"": 7.919335}, {""latitude"": 58.26082833, ""longitude"": 7.91967333}, {""latitude"": 58.26134, ""longitude"": 7.91943167}, {""latitude"": 58.26182333, ""longitude"": 7.91984667}, {""latitude"": 58.26187167, ""longitude"": 7.91936333}, {""latitude"": 58.260965, ""longitude"": 7.916255}, {""latitude"": 58.26063167, ""longitude"": 7.91170667}, {""latitude"": 58.26011333, ""longitude"": 7.91000833}, {""latitude"": 58.260015, ""longitude"": 7.90888667}, {""latitude"": 58.26029833, ""longitude"": 7.908775}, {""latitude"": 58.26078667, ""longitude"": 7.90940333}, {""latitude"": 58.26111833, ""longitude"": 7.91105833}, {""latitude"": 58.261345, ""longitude"": 7.91119833}, {""latitude"": 58.26144833, ""longitude"": 7.91077333}, {""latitude"": 58.261965, ""longitude"": 7.910095}, {""latitude"": 58.26219667, ""longitude"": 7.90934667}, {""latitude"": 58.26363667, ""longitude"": 7.90906}, {""latitude"": 58.26410667, ""longitude"": 7.90859833}, {""latitude"": 58.26455333, ""longitude"": 7.907445}, {""latitude"": 58.26573, ""longitude"": 7.90686167}, {""latitude"": 58.26594, ""longitude"": 7.90706667}, {""latitude"": 58.26596167, ""longitude"": 7.90762333}, {""latitude"": 58.266235, ""longitude"": 7.90794167}, {""latitude"": 58.26627667, ""longitude"": 7.90877167}, {""latitude"": 58.26667167, ""longitude"": 7.90913833}, {""latitude"": 58.26747833, ""longitude"": 7.90929333}, {""latitude"": 58.26760333, ""longitude"": 7.91007833}, {""latitude"": 58.26786333, ""longitude"": 7.91015167}, {""latitude"": 58.267935, ""longitude"": 7.91057667}, {""latitude"": 58.26800833, ""longitude"": 7.91042167}, {""latitude"": 58.268315, ""longitude"": 7.910385}, {""latitude"": 58.27033833, ""longitude"": 7.91117667}, {""latitude"": 58.271, ""longitude"": 7.911875}, {""latitude"": 58.27187333, ""longitude"": 7.91320833}, {""latitude"": 58.27203, ""longitude"": 7.91630333}, {""latitude"": 58.271855, ""longitude"": 7.91765167}, {""latitude"": 58.271365, ""longitude"": 7.91936667}, {""latitude"": 58.27134167, ""longitude"": 7.92128833}, {""latitude"": 58.27094667, ""longitude"": 7.92143333}, {""latitude"": 58.27015833, ""longitude"": 7.92210167}, {""latitude"": 58.26962667, ""longitude"": 7.92215667}, {""latitude"": 58.26951833, ""longitude"": 7.92235}, {""latitude"": 58.27019833, ""longitude"": 7.92345333}, {""latitude"": 58.27039, ""longitude"": 7.92425167}, {""latitude"": 58.27056667, ""longitude"": 7.92437333}, {""latitude"": 58.27107167, ""longitude"": 7.92431333}, {""latitude"": 58.27133833, ""longitude"": 7.924975}, {""latitude"": 58.27130833, ""longitude"": 7.92647333}, {""latitude"": 58.27097167, ""longitude"": 7.92691}, {""latitude"": 58.26955, ""longitude"": 7.92718}, {""latitude"": 58.26971833, ""longitude"": 7.92907667}, {""latitude"": 58.26956833, ""longitude"": 7.93059333}, {""latitude"": 58.268425, ""longitude"": 7.93242167}, {""latitude"": 58.26832, ""longitude"": 7.93325}, {""latitude"": 58.26843333, ""longitude"": 7.93380167}, {""latitude"": 58.26901833, ""longitude"": 7.93437833}, {""latitude"": 58.26998, ""longitude"": 7.93465167}, {""latitude"": 58.27089333, ""longitude"": 7.93456833}, {""latitude"": 58.27201333, ""longitude"": 7.93484833}, {""latitude"": 58.27254, ""longitude"": 7.93559}, {""latitude"": 58.27313167, ""longitude"": 7.93584333}, {""latitude"": 58.27321833, ""longitude"": 7.93636}, {""latitude"": 58.27307333, ""longitude"": 7.93694}, {""latitude"": 58.27270167, ""longitude"": 7.93742167}, {""latitude"": 58.27246333, ""longitude"": 7.938505}, {""latitude"": 58.27222, ""longitude"": 7.93879667}, {""latitude"": 58.27145333, ""longitude"": 7.93901}, {""latitude"": 58.27025667, ""longitude"": 7.93872833}, {""latitude"": 58.26919667, ""longitude"": 7.93950167}, {""latitude"": 58.26850833, ""longitude"": 7.93935833}, {""latitude"": 58.26675, ""longitude"": 7.93944667}, {""latitude"": 58.26609833, ""longitude"": 7.93974667}, {""latitude"": 58.26446833, ""longitude"": 7.93997}]"
52800,Strandstien i Nesane,"Venneslas nye tursti. Stien går fra sentrum, Følg sykkelstien mot Nesane til du ser turstien på venstre side, Stien går langs elva, og ender ved Kuleberget.
Her er det en kjempeflott badeplass. Det er viktig at dere parkerer i sentrum og ikke innover Nesvegen",58.274616,7.960703,50,75,Enkel,True,2583,,,https://images.trimpoeng.no/activity_external_15564798644391814.jpg,Trimpoeng Milevis 2021,"[{""latitude"": 58.269155700108, ""longitude"": 7.9710900794734}, {""latitude"": 58.269417668122, ""longitude"": 7.971230767842}, {""latitude"": 58.269211236602, ""longitude"": 7.9715029129879}, {""latitude"": 58.268714008747, ""longitude"": 7.9713650539849}, {""latitude"": 58.268535008586, ""longitude"": 7.9710022695152}, {""latitude"": 58.269667709864, ""longitude"": 7.9682948271859}, {""latitude"": 58.270719346783, ""longitude"": 7.9671517342505}, {""latitude"": 58.271338863174, ""longitude"": 7.9656434603257}, {""latitude"": 58.272262480634, ""longitude"": 7.964208461656}, {""latitude"": 58.272434518586, ""longitude"": 7.9625450000155}, {""latitude"": 58.272432150952, ""longitude"": 7.9599856698577}, {""latitude"": 58.272583100103, ""longitude"": 7.9597691083572}, {""latitude"": 58.272990659991, ""longitude"": 7.959881394856}, {""latitude"": 58.273833570082, ""longitude"": 7.9607972024265}, {""latitude"": 58.27437981762, ""longitude"": 7.9611440713781}, {""latitude"": 58.27461328747073, ""longitude"": 7.9607030556911695}]"
52801,Bjønnåsen,"Kjør opp Erkleivvegen, etter ca 1 km kommer du til en veg på høyre side. Dette er utgangspunktet for turen. Ta første veg til høyre, så er det bare å følge stien. GPS spor i appen viser at det er mulig å gjøre dette til en rundtur.
Alternativ rute er som beskrevet fra Postgården.
Parker ved Postgården (Graslia). Følg vegen innover Graslijordet til du finner du stien opp under heia. Du følger så bekken oppover et stykke. Rett før du kommer til toppen, tar du smal sti som går bratt opp til venstre. Følg den rett frem. Etter to tre hundre meter kan du svinge innom den lille toppen du ser til venstre langs stien. Her har du en fin utsikt over Graslia. Gå tilbake på stien og gå rett frem. Ta til høyre i et lite stikryss og rett etter finner du den store helleren på venstre hånd. Gå tilbake til stien og fortsett rett frem opp bratt bakke. Følg stien mot øverste punkt på Bjønnåsen. På toppen blir du belønnet med en fantastisk utsikt over bygda vår. 
Kilde UT.no, der finner du også kart og utvidet beskrivelse",58.268479,7.979389,61,100,Medium,True,1043,,,https://images.trimpoeng.no/activity_external_14621164607707364.jpg,Trimpoeng Milevis 2021,"[{""latitude"": 58.269185, ""longitude"": 7.98553667}, {""latitude"": 58.26923333, ""longitude"": 7.984425}, {""latitude"": 58.26970333, ""longitude"": 7.98396833}, {""latitude"": 58.27069167, ""longitude"": 7.98232833}, {""latitude"": 58.27061167, ""longitude"": 7.98059833}, {""latitude"": 58.27034667, ""longitude"": 7.98047333}, {""latitude"": 58.27006, ""longitude"": 7.97989667}, {""latitude"": 58.26980833, ""longitude"": 7.98045167}, {""latitude"": 58.268715, ""longitude"": 7.98055167}, {""latitude"": 58.26838667, ""longitude"": 7.97929667}, {""latitude"": 58.26830667, ""longitude"": 7.97984167}, {""latitude"": 58.26875667, ""longitude"": 7.982125}, {""latitude"": 58.26858333, ""longitude"": 7.98219833}, {""latitude"": 58.26804333, ""longitude"": 7.98196833}, {""latitude"": 58.26777667, ""longitude"": 7.98153833}, {""latitude"": 58.267495, ""longitude"": 7.98191333}, {""latitude"": 58.267395, ""longitude"": 7.98297167}, {""latitude"": 58.26789333, ""longitude"": 7.98427167}, {""latitude"": 58.26865167, ""longitude"": 7.983915}, {""latitude"": 58.268955, ""longitude"": 7.98398333}, {""latitude"": 58.26936, ""longitude"": 7.98565833}]"
52802,Grillhytta Kostøl (Ca 5 km),"Utgangspunkt for turen er Kostøl. Parker ved bommen og følg vegen ca 1 km. Ta deretter til høyre på skogsbilvei. Turen har en ganske så tøff stigning i starten. Når du kommer opp mot toppen og tar inn stien mot Grillhytta, så må du over et juv. Her er det bygget en imponerende hengebro. Litt utfordrende for noen kanskje, men utrolig fasinerende for de fleste. Herfra ser du også Grillhytta som er åpen for alle. Ta med grillmat/kikkert og kos deg med en fantastisk utsikt. Her ser du Kristiansand og langt utover sjøen. Anbefales",58.224356,7.992962,43,100,Medium,True,138,,,https://images.trimpoeng.no/activity_external_14931384176904943.jpg,Trimpoeng Milevis 2021,"[{""latitude"": 58.222079761326, ""longitude"": 8.0262684915215}, {""latitude"": 58.222062243149, ""longitude"": 8.0253653414547}, {""latitude"": 58.221549941227, ""longitude"": 8.0235599633306}, {""latitude"": 58.221230758354, ""longitude"": 8.0214478913695}, {""latitude"": 58.221273170784, ""longitude"": 8.020355058834}, {""latitude"": 58.221060018986, ""longitude"": 8.0196396633983}, {""latitude"": 58.220991035923, ""longitude"": 8.0160811264068}, {""latitude"": 58.221183735877, ""longitude"": 8.0155353806913}, {""latitude"": 58.221216928214, ""longitude"": 8.0143495928496}, {""latitude"": 58.221051134169, ""longitude"": 8.0116200260818}, {""latitude"": 58.22126143612, ""longitude"": 8.0101664364338}, {""latitude"": 58.220905540511, ""longitude"": 8.0049654655159}, {""latitude"": 58.221217095852, ""longitude"": 8.0017523467541}, {""latitude"": 58.221036382019, ""longitude"": 8.0003060493618}, {""latitude"": 58.221108885482, ""longitude"": 7.9997865390033}, {""latitude"": 58.221620265394, ""longitude"": 8.0005050357431}, {""latitude"": 58.221767954528, ""longitude"": 8.0004528164864}, {""latitude"": 58.222004072741, ""longitude"": 7.9995436314493}, {""latitude"": 58.222668422386, ""longitude"": 7.9988848976791}, {""latitude"": 58.22339261882, ""longitude"": 7.9970203433186}, {""latitude"": 58.224726431072, ""longitude"": 7.9960344638675}, {""latitude"": 58.224915778264, ""longitude"": 7.9956236667931}, {""latitude"": 58.224757527933, ""longitude"": 7.9935793206096}, {""latitude"": 58.224475057796, ""longitude"": 7.9931011330336}, {""latitude"": 58.224360143626406, ""longitude"": 7.992973392829299}]"
52803,"Storhei (ca 3,6 km)","Flott tur til forlatt gårdsbruk. Turen går stort sett på skogsvei.
Fra Kommunens Kulturminneplan: Gårdsanlegg, Storhei i Hægeland. Gnr/bnr 74/1
Gårdsanlegget består av våningshus og uthus, som er bygd ca. 1830. Våningshuset består av blant annet en
årestue, men taket er tettet igjen. Bygningene er i dårlig stand, spesielt uthuset (er nå ramlet ned). Men de har
høy autentisitet. Uthuset har høy verdi sammen med våningshuset/årestua.",58.366619,7.818822,100,200,Krevende,True,92,1663,,https://images.trimpoeng.no/activity_external_15867196234685854.jpg,Trimpoeng Milevis 2021,"[{""latitude"": 58.36119289852, ""longitude"": 7.7996604862826}, {""latitude"": 58.360821324093, ""longitude"": 7.8017866712973}, {""latitude"": 58.361498070562, ""longitude"": 7.8030532859992}, {""latitude"": 58.361526986725, ""longitude"": 7.8040078059206}, {""latitude"": 58.36076139518, ""longitude"": 7.8071885358415}, {""latitude"": 58.360463178993, ""longitude"": 7.8077905511601}, {""latitude"": 58.359777996716, ""longitude"": 7.8085713713081}, {""latitude"": 58.360596412397, ""longitude"": 7.8090458507002}, {""latitude"": 58.360968110408, ""longitude"": 7.810192381631}, {""latitude"": 58.361305192132, ""longitude"": 7.8104413308487}, {""latitude"": 58.361821411683, ""longitude"": 7.8116367510277}, {""latitude"": 58.362443637037, ""longitude"": 7.8117315137315}, {""latitude"": 58.362874833326, ""longitude"": 7.8131542566221}, {""latitude"": 58.363448588493, ""longitude"": 7.8137118689659}, {""latitude"": 58.363996086256, ""longitude"": 7.814669360817}, {""latitude"": 58.364915232464, ""longitude"": 7.8150203877069}, {""latitude"": 58.365161820863, ""longitude"": 7.8162255410209}, {""latitude"": 58.365443104151, ""longitude"": 7.816376311012}, {""latitude"": 58.366011507632, ""longitude"": 7.8171407048516}, {""latitude"": 58.366257810126, ""longitude"": 7.8184663970774}, {""latitude"": 58.366531821519, ""longitude"": 7.8186760119544}]"
52804,"Butjønn (ca 1,7 km)","Stem for Kvarstein teglverk som var i drift 1881 - 1909. Navnet Butjønn kommer av at Kvarstein-bøndene hadde buhus (sommerflorer) her der de tok buskapen inn for natta.
Flott plass med utsikt over Mosby. Turen starter på toppen av Saga Terasse hvor du parkerer bilen. Ta skogsvegen til venstre inn mot Butjønn. Dette er en enkel og grei tur innover mot turmålet.",58.228318,7.942087,40,100,Medium,True,129,,,https://images.trimpoeng.no/activity_external_14950419551858380.jpg,Trimpoeng Milevis 2021,"[{""latitude"": 58.223371361295, ""longitude"": 7.9443907754201}, {""latitude"": 58.223722947323, ""longitude"": 7.944813450997}, {""latitude"": 58.224462191954, ""longitude"": 7.9443787955037}, {""latitude"": 58.225184890362, ""longitude"": 7.9448687044349}, {""latitude"": 58.225337961984, ""longitude"": 7.9444480698515}, {""latitude"": 58.225404341654, ""longitude"": 7.9429935320323}, {""latitude"": 58.225921830617, ""longitude"": 7.9423552895508}, {""latitude"": 58.22611109343, ""longitude"": 7.9423344198236}, {""latitude"": 58.226435924153, ""longitude"": 7.9426326261514}, {""latitude"": 58.227141140038, ""longitude"": 7.9435370171564}, {""latitude"": 58.227697698747, ""longitude"": 7.9435495414128}, {""latitude"": 58.227943693407, ""longitude"": 7.9437713453748}, {""latitude"": 58.228328826801, ""longitude"": 7.9425115320286}, {""latitude"": 58.228165642242, ""longitude"": 7.9422022965678}]"
52805,"Robstadknuten (ca 3,2Km)","Kjør RV 9 mot Hægeland, Sving av til venstre mot Røyneland. Kjør inn til Bringsvær Leirskole, her finner dere parkering. Følg GPS spor i App. Turen går på fin sti og har blå merker til toppen. Fin plass med god utsikt .",58.330996,7.761081,100,200,Krevende,True,94,,,https://images.trimpoeng.no/activity_external_14651589492270071.jpg,Trimpoeng Milevis 2021,"[{""latitude"": 58.34217667, ""longitude"": 7.747935}, {""latitude"": 58.34169, ""longitude"": 7.746875}, {""latitude"": 58.34123667, ""longitude"": 7.74659}, {""latitude"": 58.34120667, ""longitude"": 7.74681}, {""latitude"": 58.34068333, ""longitude"": 7.74733}, {""latitude"": 58.34075833, ""longitude"": 7.74774333}, {""latitude"": 58.34041833, ""longitude"": 7.74827667}, {""latitude"": 58.34043, ""longitude"": 7.74890833}, {""latitude"": 58.33980333, ""longitude"": 7.74893}, {""latitude"": 58.33965167, ""longitude"": 7.74958833}, {""latitude"": 58.33981333, ""longitude"": 7.75065667}, {""latitude"": 58.33962833, ""longitude"": 7.75103667}, {""latitude"": 58.33906667, ""longitude"": 7.75128333}, {""latitude"": 58.33888167, ""longitude"": 7.75154}, {""latitude"": 58.33878, ""longitude"": 7.75318667}, {""latitude"": 58.33851333, ""longitude"": 7.75348333}, {""latitude"": 58.33824667, ""longitude"": 7.75353667}, {""latitude"": 58.33765833, ""longitude"": 7.754565}, {""latitude"": 58.33764, ""longitude"": 7.75489667}, {""latitude"": 58.33712, ""longitude"": 7.75507333}, {""latitude"": 58.33685, ""longitude"": 7.75491167}, {""latitude"": 58.33614167, ""longitude"": 7.75516667}, {""latitude"": 58.33587, ""longitude"": 7.75481667}, {""latitude"": 58.33554833, ""longitude"": 7.75519667}, {""latitude"": 58.33534667, ""longitude"": 7.75584167}, {""latitude"": 58.335635, ""longitude"": 7.75666333}, {""latitude"": 58.33557833, ""longitude"": 7.75785667}, {""latitude"": 58.33524667, ""longitude"": 7.75873833}, {""latitude"": 58.334315, ""longitude"": 7.7596}, {""latitude"": 58.33383833, ""longitude"": 7.76105}, {""latitude"": 58.33343667, ""longitude"": 7.76111833}, {""latitude"": 58.33300833, ""longitude"": 7.76062333}, {""latitude"": 58.33201667, ""longitude"": 7.76034833}, {""latitude"": 58.3308, ""longitude"": 7.76108167}]"
52806,Naspehelleren,"Naspehelleren er en stor, fin heller like ved Naspevatn. Den er 20m bred, under fast fjell og så høy at du kan stå oppreist under helleren. Turen er godt egnet for barn. 
Parkering ved Kjåvann",58.305305,7.902747,63,100,Medium,True,1558,,,https://images.trimpoeng.no/activity_external_15026592423096826.jpg,Trimpoeng Milevis 2021,"[{""latitude"": 58.298515, ""longitude"": 7.89706667}, {""latitude"": 58.29843833, ""longitude"": 7.897745}, {""latitude"": 58.298835, ""longitude"": 7.89807333}, {""latitude"": 58.29977333, ""longitude"": 7.89798667}, {""latitude"": 58.30142333, ""longitude"": 7.89874333}, {""latitude"": 58.30369333, ""longitude"": 7.89884833}, {""latitude"": 58.30433833, ""longitude"": 7.899215}, {""latitude"": 58.30450667, ""longitude"": 7.89982833}, {""latitude"": 58.30424667, ""longitude"": 7.90189333}, {""latitude"": 58.30398, ""longitude"": 7.902795}, {""latitude"": 58.30403667, ""longitude"": 7.90338667}, {""latitude"": 58.30425833, ""longitude"": 7.90357333}, {""latitude"": 58.30463, ""longitude"": 7.903375}, {""latitude"": 58.30483, ""longitude"": 7.90344667}, {""latitude"": 58.30497333, ""longitude"": 7.90298167}, {""latitude"": 58.30519227656491, ""longitude"": 7.902795373041078}]"
52808,Rampa (ca 2 km),"Rampa! Som vi alle kjenner til. Lett å få øye på der hun ligge høyt opp over Moseidstranda. Rampa som i utgangspunktet ble bygget for å fly hanggliding, er i dag blitt et populært turmål for store og små. Flott plass både på dag og kveldstid. Parker bilen i Smååsane og følg veien mot Rampa. Ønsker du en lenger tur, så kan du fra Rampa gå videre over mot Skådane og så videre til Bombekken Foss. Følger du denne stien videre kommer du ned til parkeringa på Smååsane.",58.269811,7.948941,75,100,Medium,True,2511,,,https://images.trimpoeng.no/activity_external_14624663759654820.jpg,Trimpoeng Milevis 2021,
52809,Meåsen (Ca 5 Km),"Parker på toppen av Saga Terasse. Herfra tar du grusveg nord for sagevannet. Det er flere stier til toppen. Du kan gå ca 700m, ta til venstre mot Linnvann/Slettehei. Følg veg/sti med røde merket til du kommer til skilt til Meåsen. Følg røde merker til toppen. Denne løypa er ca 3 km. Du kan også gå ca 1 km før du tar til venstre og følge blå merker som bytter til røde til Meåsen, eller du kan gå ca 1,5 kilometer, ta til venstre og følge blå merker. Denne Løypa er 2,3 km",58.224693,7.97389,100,100,Medium,True,91,,,https://images.trimpoeng.no/activity_external_14628275514054859.jpg,Trimpoeng Milevis 2021,"[{""latitude"": 58.22334507, ""longitude"": 7.94387548}, {""latitude"": 58.223243193, ""longitude"": 7.943622658}, {""latitude"": 58.22337386, ""longitude"": 7.94589002}, {""latitude"": 58.22317516, ""longitude"": 7.94718008}, {""latitude"": 58.22483501, ""longitude"": 7.95303016}, {""latitude"": 58.22436507, ""longitude"": 7.95406538}, {""latitude"": 58.22424198, ""longitude"": 7.95473566}, {""latitude"": 58.22390607, ""longitude"": 7.95854571}, {""latitude"": 58.22336819, ""longitude"": 7.9621163}, {""latitude"": 58.22320463, ""longitude"": 7.96629824}, {""latitude"": 58.22341481, ""longitude"": 7.96682253}, {""latitude"": 58.22444079, ""longitude"": 7.96611202}, {""latitude"": 58.22468984, ""longitude"": 7.96661082}, {""latitude"": 58.22475169, ""longitude"": 7.96729018}, {""latitude"": 58.22454282, ""longitude"": 7.96859515}, {""latitude"": 58.22485107, ""longitude"": 7.97094633}, {""latitude"": 58.22468296, ""longitude"": 7.97230451}, {""latitude"": 58.2247267, ""longitude"": 7.97366991}]"
52810,"Svinefjell (ca 2,7 km)","Parker ved idrettsplassen på Moseidmoen. Gå opp Askedalen. Fortsett inn på skogsveg. Følg denne ca 150 meter, da holder du til venstre. Forsett på stien til toppen. Fint tur i flott og enkelt terreng. Fin utsikt over Vennesla i flere retninger.",58.256266,7.953496,100,100,Medium,True,264,1289,,https://images.trimpoeng.no/activity_external_14633044266476659.jpg,Trimpoeng Milevis 2021,"[{""latitude"": 58.26012652520955, ""longitude"": 7.954635322093964}, {""latitude"": 58.26019707576896, ""longitude"": 7.9544797539711}, {""latitude"": 58.260290202292325, ""longitude"": 7.9527416825294495}, {""latitude"": 58.260219651918305, ""longitude"": 7.952081859111786}, {""latitude"": 58.259827389277596, ""longitude"": 7.950896322727203}, {""latitude"": 58.25977941441206, ""longitude"": 7.950756847858429}, {""latitude"": 58.25932223890613, ""longitude"": 7.950424253940582}, {""latitude"": 58.259093648941715, ""longitude"": 7.950349152088165}, {""latitude"": 58.2588368362355, ""longitude"": 7.950338423252106}, {""latitude"": 58.25852922296225, ""longitude"": 7.950402796268463}, {""latitude"": 58.25832602740932, ""longitude"": 7.950397431850433}, {""latitude"": 58.25810871976503, ""longitude"": 7.950316965579987}, {""latitude"": 58.25793092161058, ""longitude"": 7.9501453042030334}, {""latitude"": 58.257786989117996, ""longitude"": 7.950134575366974}, {""latitude"": 58.25758096708219, ""longitude"": 7.949997782707214}, {""latitude"": 58.257293098670424, ""longitude"": 7.94985830783844}, {""latitude"": 58.257112474159555, ""longitude"": 7.949804663658142}, {""latitude"": 58.25705038427136, ""longitude"": 7.9499441385269165}, {""latitude"": 58.25686975852366, ""longitude"": 7.949922680854797}, {""latitude"": 58.2567625115505, ""longitude"": 7.949901223182678}, {""latitude"": 58.25653108276591, ""longitude"": 7.949901223182678}, {""latitude"": 58.25614160164408, ""longitude"": 7.949836850166321}, {""latitude"": 58.25581985314168, ""longitude"": 7.949751019477844}, {""latitude"": 58.25559970774682, ""longitude"": 7.949579358100891}, {""latitude"": 58.255283599147766, ""longitude"": 7.9493647813797}, {""latitude"": 58.25518763705102, ""longitude"": 7.949278950691223}, {""latitude"": 58.25513118863748, ""longitude"": 7.949289679527283}, {""latitude"": 58.25490539408436, ""longitude"": 7.949268221855164}, {""latitude"": 58.25477556156508, ""longitude"": 7.949193120002747}, {""latitude"": 58.25472475740637, ""longitude"": 7.949450612068176}, {""latitude"": 58.25469653284225, ""longitude"": 7.949740290641785}, {""latitude"": 58.254498960264435, ""longitude"": 7.949879765510559}, {""latitude"": 58.25447638047116, ""longitude"": 7.950201630592346}, {""latitude"": 58.25452718498582, ""longitude"": 7.950437664985657}, {""latitude"": 58.254769916662134, ""longitude"": 7.950555682182312}, {""latitude"": 58.25490821652517, ""longitude"": 7.950791716575623}, {""latitude"": 58.254896926760644, ""longitude"": 7.951076030731201}, {""latitude"": 58.255261019854274, ""longitude"": 7.95172244310379}, {""latitude"": 58.255294888789145, ""longitude"": 7.951982617378235}, {""latitude"": 58.25521021639128, ""longitude"": 7.952218651771545}, {""latitude"": 58.2556166420565, ""longitude"": 7.952712178230286}, {""latitude"": 58.255859366272965, ""longitude"": 7.953162789344788}, {""latitude"": 58.25609644413571, ""longitude"": 7.95335590839386}]"
52811,Fjellet. (ca 2km),"Flott tur som starter i sentrum av Skarpengland. Flott utsikt.
Hele turen går på fin traktorveg. Vis hensyn når dere parkerer.",58.300296,7.840769,71,100,Medium,True,113,1039,,https://images.trimpoeng.no/activity_external_15866433383344623.jpg,Trimpoeng Milevis 2021,"[{""latitude"": 58.295407495639, ""longitude"": 7.8412198312093}, {""latitude"": 58.296447867469, ""longitude"": 7.842158594725}, {""latitude"": 58.298057189516, ""longitude"": 7.8419058160796}, {""latitude"": 58.298486012925, ""longitude"": 7.842419706601}, {""latitude"": 58.29869639708, ""longitude"": 7.8433963633557}, {""latitude"": 58.299107025892, ""longitude"": 7.8441109141468}, {""latitude"": 58.300931043166, ""longitude"": 7.8452928646942}, {""latitude"": 58.301159810764, ""longitude"": 7.8450119354757}, {""latitude"": 58.301222558075, ""longitude"": 7.8443965319465}, {""latitude"": 58.301085642587, ""longitude"": 7.8438334966094}, {""latitude"": 58.301130959815, ""longitude"": 7.8417678818692}, {""latitude"": 58.300666224012, ""longitude"": 7.8410789925488}, {""latitude"": 58.300257738253, ""longitude"": 7.8409192996153}]"
52812,Oggevatn (Padletur),"Her må du frem med kano/båt. Her kan du padle/ro til en av Oggevatns mange øyer. Flott padletur til en flott øy. Tar du med deg teltet, så benytt anledningen til og overnatte der også",58.421024,8.101729,100,200,Krevende,False,0,,,https://images.trimpoeng.no/activity_external_14660260688906597.jpg,Trimpoeng Milevis 2021,
52813,Berefjell,"Fin tur på skogsveg/sti til et flott utsiktspunkt.
Parker ved Iveland Kirke. Gå opp mot Ivelandshallen. Her finner du røde merker som du følger helt til toppen. Innsjekkspunkt er ca 150 meter videre fra Berefjell der utsikten er fantastisk
Det er en kort og en lang løype, GPS sporet er kort løype",58.454859,7.949885,100,200,Krevende,True,191,,,https://images.trimpoeng.no/activity_external_15026549628948156.jpg,Trimpoeng Milevis 2021,"[{""latitude"": 58.455600004016, ""longitude"": 7.9198585649993}, {""latitude"": 58.455345137991, ""longitude"": 7.9212048405665}, {""latitude"": 58.455579371357, ""longitude"": 7.9224890232269}, {""latitude"": 58.455976769354, ""longitude"": 7.9235403924764}, {""latitude"": 58.455839851324, ""longitude"": 7.9249315100533}, {""latitude"": 58.455994610569, ""longitude"": 7.9257861901507}, {""latitude"": 58.455885109367, ""longitude"": 7.9301281209988}, {""latitude"": 58.456234674389, ""longitude"": 7.9311831474729}, {""latitude"": 58.456941198532, ""longitude"": 7.9371844341422}, {""latitude"": 58.457296024244, ""longitude"": 7.938382125233}, {""latitude"": 58.457966397644, ""longitude"": 7.9396472271776}, {""latitude"": 58.458204483311, ""longitude"": 7.9406170003004}, {""latitude"": 58.45744429228, ""longitude"": 7.9452429149179}, {""latitude"": 58.456834590704, ""longitude"": 7.9469815150089}, {""latitude"": 58.455975154406, ""longitude"": 7.9480832347272}, {""latitude"": 58.455017791853, ""longitude"": 7.9500468667364}]"
52814,Tømmeråsen (ca 2 km),"Kjør riksveg mot Kristiansand, når du passerer innkjøringa til Åsvegen, tar du neste veg til venstre, kjør opp denne til du kommer forbi jernbane undergang.
Her er det mulig å parkere. Ta til venstre etter undergangen. Følg denne vegen i ca 30 m, da tar du inn veg til høyre. Følg denne vegen, etter ca 600m kommer det skilt til Sagevann, her fortsetter du rett frem til du kommer til tømmeråsen, der det tidligee lå hoppbakke",58.240999,7.964809,100,50,Enkel,True,183,809,,https://images.trimpoeng.no/activity_external_14651617698328825.jpg,Trimpoeng Milevis 2021,"[{""latitude"": 58.242163415863246, ""longitude"": 7.952231873804454}, {""latitude"": 58.242293294571446, ""longitude"": 7.952634205156688}, {""latitude"": 58.242169062773485, ""longitude"": 7.953009714418773}, {""latitude"": 58.24210977017107, ""longitude"": 7.953562249475841}, {""latitude"": 58.24203918361033, ""longitude"": 7.953717817598704}, {""latitude"": 58.24191212744704, ""longitude"": 7.955032100016002}, {""latitude"": 58.241951939932044, ""longitude"": 7.955246326733807}, {""latitude"": 58.24206205517626, ""longitude"": 7.955627200413922}, {""latitude"": 58.24207617249054, ""longitude"": 7.9562065575611385}, {""latitude"": 58.24203859050332, ""longitude"": 7.956715811364226}, {""latitude"": 58.241990591560985, ""longitude"": 7.957836974732451}, {""latitude"": 58.24176753680016, ""longitude"": 7.958311393010993}, {""latitude"": 58.24158683318053, ""longitude"": 7.958552791822333}, {""latitude"": 58.24143154027184, ""longitude"": 7.959185793149848}, {""latitude"": 58.2415934988481, ""longitude"": 7.960692142681558}, {""latitude"": 58.24151684648876, ""longitude"": 7.960997062136044}, {""latitude"": 58.241392611971065, ""longitude"": 7.961147265840878}, {""latitude"": 58.241347435674925, ""longitude"": 7.961404757906307}, {""latitude"": 58.241245788798174, ""longitude"": 7.961769538332333}, {""latitude"": 58.24109049439623, ""longitude"": 7.962059216905941}, {""latitude"": 58.24107637668963, ""longitude"": 7.962466912676205}, {""latitude"": 58.241084847314276, ""longitude"": 7.963035540987362}, {""latitude"": 58.24092672865397, ""longitude"": 7.963394956995358}, {""latitude"": 58.24081378632217, ""longitude"": 7.96384020369183}, {""latitude"": 58.240881551764396, ""longitude"": 7.964253263880123}, {""latitude"": 58.2410283764451, ""longitude"": 7.964703874994625}]"
52815,Murtedalen/Sagevannet (ca 4km),"Murtedalen ligger i enden av Sagevannet. Kjør opp til toppen av Saga Terasse hvor det er parkering. Ta vegen til høyre mot Skau-Skau. Der tar du til venstre og følger Sagevannet til Murtedalen. Nå kan du gjerne fortsette videre rundt Sagevannet,så får du en tur på ca 4 km. Dette er en flott tur i enkelt terreng  Velegnet for små barn også. Følg GPS spor i APP",58.217341,7.9685,100,100,Medium,False,0,,,https://images.trimpoeng.no/activity_external_14629046784319233.jpg,Trimpoeng Milevis 2021,"[{""latitude"": 58.223141, ""longitude"": 7.945048}, {""latitude"": 58.222179, ""longitude"": 7.946871}, {""latitude"": 58.221722, ""longitude"": 7.946813}, {""latitude"": 58.220417, ""longitude"": 7.947544}, {""latitude"": 58.219624, ""longitude"": 7.948367}, {""latitude"": 58.219376, ""longitude"": 7.950011}, {""latitude"": 58.219566, ""longitude"": 7.951686}, {""latitude"": 58.219444, ""longitude"": 7.95251}, {""latitude"": 58.219601, ""longitude"": 7.953311}, {""latitude"": 58.21954, ""longitude"": 7.954155}, {""latitude"": 58.219093, ""longitude"": 7.954411}, {""latitude"": 58.218708, ""longitude"": 7.953947}, {""latitude"": 58.218266, ""longitude"": 7.953724}, {""latitude"": 58.217381, ""longitude"": 7.954118}, {""latitude"": 58.217346, ""longitude"": 7.956713}, {""latitude"": 58.216957, ""longitude"": 7.960938}, {""latitude"": 58.217297, ""longitude"": 7.963407}, {""latitude"": 58.216948999999985, ""longitude"": 7.96562650793453}, {""latitude"": 58.21724843215761, ""longitude"": 7.967332814819315}, {""latitude"": 58.21738381033109, ""longitude"": 7.9681884761962465}]"
52816,"Ravnåstippen (ca 2,3 km)","Kjør Ravnåsvegen forbi Frakkekilen. Turen starter ved bomveg.
Følg veg/sti ca 700m. Ta av til venstre og følg terrenget til toppen.
Nyt utsikten og kos deg med en kopp kaffe.",58.240288,7.932086,100,100,Medium,True,83,1124,150,https://images.trimpoeng.no/activity_external_14620912795873886.jpg,Trimpoeng Milevis 2021,"[{""latitude"": 58.242580475123994, ""longitude"": 7.936946153640747}, {""latitude"": 58.24302092624388, ""longitude"": 7.936731576919556}, {""latitude"": 58.242964458457266, ""longitude"": 7.93636679649353}, {""latitude"": 58.242648237190785, ""longitude"": 7.936323881149292}, {""latitude"": 58.24247883178107, ""longitude"": 7.93636679649353}, {""latitude"": 58.24198190457783, ""longitude"": 7.936388254165649}, {""latitude"": 58.24165438056893, ""longitude"": 7.936152219772339}, {""latitude"": 58.24168826250321, ""longitude"": 7.93561577796936}, {""latitude"": 58.2418915534292, ""longitude"": 7.9350364208221436}, {""latitude"": 58.242411069390606, ""longitude"": 7.93486475944519}, {""latitude"": 58.2427498800482, ""longitude"": 7.934199571609497}, {""latitude"": 58.242987045582716, ""longitude"": 7.9336631298065186}, {""latitude"": 58.243054806872685, ""longitude"": 7.932976484298706}, {""latitude"": 58.24291928416325, ""longitude"": 7.932053804397583}, {""latitude"": 58.24290799058076, ""longitude"": 7.931259870529175}, {""latitude"": 58.24286281621482, ""longitude"": 7.930895090103149}, {""latitude"": 58.242648237190785, ""longitude"": 7.930337190628052}, {""latitude"": 58.242444950602, ""longitude"": 7.929757833480835}, {""latitude"": 58.242399775646255, ""longitude"": 7.92939305305481}, {""latitude"": 58.242399775646255, ""longitude"": 7.929178476333618}, {""latitude"": 58.24226425043381, ""longitude"": 7.929157018661499}, {""latitude"": 58.24219648763335, ""longitude"": 7.929350137710571}, {""latitude"": 58.242015786199225, ""longitude"": 7.929521799087524}, {""latitude"": 58.24174473232177, ""longitude"": 7.929650545120239}, {""latitude"": 58.241496264447655, ""longitude"": 7.929650545120239}, {""latitude"": 58.24122520659978, ""longitude"": 7.929478883743286}, {""latitude"": 58.24096544088501, ""longitude"": 7.929350137710571}, {""latitude"": 58.240671790394806, ""longitude"": 7.929328680038452}, {""latitude"": 58.24043460937789, ""longitude"": 7.929607629776001}, {""latitude"": 58.240310371069356, ""longitude"": 7.930465936660767}, {""latitude"": 58.240412020626884, ""longitude"": 7.931195497512817}, {""latitude"": 58.24049108119243, ""longitude"": 7.931689023971558}]"
52817,"Brøvardheia (ca 6,5 km)","Denne fantastiske turen starter ved Oggevatn. Kjør til gamle Oggevatn stasjon, over jernbanebrua, ca 500 m videre, bro over Ogge og parker 50 m etter broa. Her ser du skiltet. Først ca 1,5 km langs skogsvei, så bratt opp på svært godt merket sti. Nydelig skog som blir mer og mer glissen jo nærmere toppen og de 7 enorme vardene. Utsikten fra vardene er til å miste pusten av. Her får man følelsen av å være på verdens tak. Beregn 2 timer tur retur. Garantert en tur du går flere ganger. GOD TUR.",58.452439,8.160392,100,300,Krevende,True,75,,,https://images.trimpoeng.no/activity_external_15566531192363397.jpg,Trimpoeng Milevis 2021,"[{""latitude"": 58.440835723847, ""longitude"": 8.1189450415051}, {""latitude"": 58.440708785497, ""longitude"": 8.1189715245292}, {""latitude"": 58.44086129858, ""longitude"": 8.1219049040286}, {""latitude"": 58.440705489768, ""longitude"": 8.1229022628449}, {""latitude"": 58.441174487546, ""longitude"": 8.12543090628}, {""latitude"": 58.441693121151, ""longitude"": 8.1264663529819}, {""latitude"": 58.441744232689, ""longitude"": 8.1270699537559}, {""latitude"": 58.443000118679, ""longitude"": 8.1292425755358}, {""latitude"": 58.443665405288, ""longitude"": 8.131560425541}, {""latitude"": 58.444145534317, ""longitude"": 8.1318779872093}, {""latitude"": 58.444779197871, ""longitude"": 8.132699944941}, {""latitude"": 58.445484149123, ""longitude"": 8.1330417310546}, {""latitude"": 58.445993929155, ""longitude"": 8.1338524212902}, {""latitude"": 58.447337161372, ""longitude"": 8.1370656929369}, {""latitude"": 58.44843063682, ""longitude"": 8.1386145329247}, {""latitude"": 58.448352228626, ""longitude"": 8.1409083328531}, {""latitude"": 58.448461957555, ""longitude"": 8.1411075045442}, {""latitude"": 58.448686894778, ""longitude"": 8.1410709748447}, {""latitude"": 58.449274967329, ""longitude"": 8.1414379775735}, {""latitude"": 58.448970150043, ""longitude"": 8.1425379925751}, {""latitude"": 58.449006418379, ""longitude"": 8.144395213428}, {""latitude"": 58.44914214032, ""longitude"": 8.1450036587035}, {""latitude"": 58.449657031756, ""longitude"": 8.1457521991403}, {""latitude"": 58.449895619729, ""longitude"": 8.1465414956153}, {""latitude"": 58.449524095453, ""longitude"": 8.1480706818469}, {""latitude"": 58.449547056518, ""longitude"": 8.1489648865124}, {""latitude"": 58.450235347061, ""longitude"": 8.1506581779053}, {""latitude"": 58.450248156465, ""longitude"": 8.1512984716651}, {""latitude"": 58.450113687679, ""longitude"": 8.1514742807838}, {""latitude"": 58.450416435817, ""longitude"": 8.1533905946524}, {""latitude"": 58.451055253274, ""longitude"": 8.155168376476}, {""latitude"": 58.451081637508, ""longitude"": 8.1568306876818}, {""latitude"": 58.451497155771, ""longitude"": 8.1581140208747}, {""latitude"": 58.451627094155, ""longitude"": 8.1593425674405}, {""latitude"": 58.452133142798, ""longitude"": 8.1599828207618}, {""latitude"": 58.452264768802, ""longitude"": 8.1604147348155}, {""latitude"": 58.452438577761, ""longitude"": 8.1603918163651}]"
52818,Bananøya,"Fint tur mål som ligger i storfjorden. Telt-plass og fine bademuligheter. 
Bananøya finner du i Oggevann. Du må i båt/kano for å komme ut til øya. Har du mulighet for å overnatte, så har øya en flott teltplass og flotte bademuligheter.",58.400959,8.099248,100,100,Medium,False,0,,,https://images.trimpoeng.no/activity_external_15566546375143241.jpg,Trimpoeng Milevis 2021,
52819,"Huseknipen (Ca 2,5 km)","Turen opp følger en spektakulær sti forbi gigantiske steinblokker. Grønn mose og bregneskog. Her går du omtrent inn under den loddrette fjellveggen på vei opp til selve toppen.Langs stien på andre siden , en stupbratt Li ned mot elva som bruser langt der nede. På toppen har man en utsikt av det sjeldne. Bratt oppstigning, men verdt hver meter. Flott tur!",58.339818,7.872489,50,200,Krevende,True,68,,,https://images.trimpoeng.no/activity_external_14951427498742655.jpg,Trimpoeng Milevis 2021,"[{""latitude"": 58.335827, ""longitude"": 7.876157}, {""latitude"": 58.335648, ""longitude"": 7.876298}, {""latitude"": 58.335857, ""longitude"": 7.876135}, {""latitude"": 58.335995, ""longitude"": 7.875412}, {""latitude"": 58.336224, ""longitude"": 7.875244}, {""latitude"": 58.337093, ""longitude"": 7.87515}, {""latitude"": 58.338341, ""longitude"": 7.875421}, {""latitude"": 58.339149, ""longitude"": 7.874991}, {""latitude"": 58.339642, ""longitude"": 7.874971}, {""latitude"": 58.340534, ""longitude"": 7.873957}, {""latitude"": 58.341576, ""longitude"": 7.87349}, {""latitude"": 58.341934, ""longitude"": 7.873549}, {""latitude"": 58.342091, ""longitude"": 7.873425}, {""latitude"": 58.342548, ""longitude"": 7.87252}, {""latitude"": 58.342163, ""longitude"": 7.871746}, {""latitude"": 58.341255, ""longitude"": 7.872231}, {""latitude"": 58.340805, ""longitude"": 7.871999}, {""latitude"": 58.340607, ""longitude"": 7.872338}, {""latitude"": 58.340279, ""longitude"": 7.872152}, {""latitude"": 58.340015, ""longitude"": 7.872359}, {""latitude"": 58.33979305089366, ""longitude"": 7.872633100524922}]"
52820,Bjønnefora (ca 2 km),"Turen starter langs veien mellom Sirekilen og Vassbotn. Skiltet. Godt merket sti, svært lettgått. Ca 1 km inn. Turmålet er et karakteristisk furutre, Bjønnefora. Turen er spesielt egnet for barn.",58.360891,8.092621,100,100,Medium,True,70,,,https://images.trimpoeng.no/activity_external_15883635206491689.jpg,Trimpoeng Milevis 2021,"[{""latitude"": 58.367004118178, ""longitude"": 8.099183667367}, {""latitude"": 58.366830166405, ""longitude"": 8.098472902613}, {""latitude"": 58.365544267799, ""longitude"": 8.098283385556}, {""latitude"": 58.364961770931, ""longitude"": 8.0980319359281}, {""latitude"": 58.364228979939, ""longitude"": 8.0971378954265}, {""latitude"": 58.363610328443, ""longitude"": 8.0952846391416}, {""latitude"": 58.362758607849, ""longitude"": 8.095162258656}, {""latitude"": 58.362349903704, ""longitude"": 8.0947564956303}, {""latitude"": 58.361458229911, ""longitude"": 8.0932496104815}, {""latitude"": 58.361063970182, ""longitude"": 8.0930743971661}, {""latitude"": 58.36088965556167, ""longitude"": 8.092624822285126}]"
52821,Lillevarden Nasbøheia,Lillevardenn finner du i Nasbøvarden rundløype. Løypa er merket fra parkeringa ved Kjåvannet.,58.31852,7.914903,100,100,Medium,True,779,,,https://images.trimpoeng.no/activity_external_15920381255661026.jpg,Trimpoeng Milevis 2021,"[{""latitude"": 58.29875167, ""longitude"": 7.89763}, {""latitude"": 58.29999167, ""longitude"": 7.89775667}, {""latitude"": 58.30150333, ""longitude"": 7.89853}, {""latitude"": 58.302935, ""longitude"": 7.89859667}, {""latitude"": 58.30314167, ""longitude"": 7.89854667}, {""latitude"": 58.303405, ""longitude"": 7.898075}, {""latitude"": 58.30419, ""longitude"": 7.89730333}, {""latitude"": 58.305195, ""longitude"": 7.8969}, {""latitude"": 58.30680333, ""longitude"": 7.89796167}, {""latitude"": 58.30797167, ""longitude"": 7.89808333}, {""latitude"": 58.30867333, ""longitude"": 7.89781333}, {""latitude"": 58.30907167, ""longitude"": 7.89728}, {""latitude"": 58.31046833, ""longitude"": 7.89606}, {""latitude"": 58.31129667, ""longitude"": 7.89633833}, {""latitude"": 58.312115, ""longitude"": 7.89547833}, {""latitude"": 58.31315667, ""longitude"": 7.89530667}, {""latitude"": 58.31351833, ""longitude"": 7.895685}, {""latitude"": 58.31393, ""longitude"": 7.89579167}, {""latitude"": 58.31493167, ""longitude"": 7.89541}, {""latitude"": 58.316285, ""longitude"": 7.896425}, {""latitude"": 58.31698833, ""longitude"": 7.89724}, {""latitude"": 58.3174, ""longitude"": 7.89718833}, {""latitude"": 58.31809167, ""longitude"": 7.89770333}, {""latitude"": 58.31851, ""longitude"": 7.89845833}, {""latitude"": 58.31929, ""longitude"": 7.898505}, {""latitude"": 58.31992420810551, ""longitude"": 7.899261661376955}, {""latitude"": 58.31956261505112, ""longitude"": 7.901097132263195}, {""latitude"": 58.31937269242901, ""longitude"": 7.902724185180672}, {""latitude"": 58.31918446142988, ""longitude"": 7.903712523803694}, {""latitude"": 58.31935246154443, ""longitude"": 7.9048612453442235}, {""latitude"": 58.31795833, ""longitude"": 7.90527833}, {""latitude"": 58.31736833, ""longitude"": 7.90506833}, {""latitude"": 58.31686667, ""longitude"": 7.905205}, {""latitude"": 58.31667333, ""longitude"": 7.90491167}, {""latitude"": 58.31656, ""longitude"": 7.90396667}, {""latitude"": 58.31611167, ""longitude"": 7.903125}, {""latitude"": 58.31528167, ""longitude"": 7.90236}, {""latitude"": 58.31507833, ""longitude"": 7.90234667}, {""latitude"": 58.31447667, ""longitude"": 7.90294167}, {""latitude"": 58.31390167, ""longitude"": 7.90568167}, {""latitude"": 58.313355, ""longitude"": 7.90604667}, {""latitude"": 58.311515, ""longitude"": 7.90675167}, {""latitude"": 58.31015833, ""longitude"": 7.90801333}, {""latitude"": 58.30972667, ""longitude"": 7.90858667}, {""latitude"": 58.30962333, ""longitude"": 7.90914833}, {""latitude"": 58.30979667, ""longitude"": 7.91016167}, {""latitude"": 58.31001667, ""longitude"": 7.91039667}, {""latitude"": 58.31054833, ""longitude"": 7.910225}, {""latitude"": 58.31124, ""longitude"": 7.909715}, {""latitude"": 58.31129667, ""longitude"": 7.90915167}, {""latitude"": 58.31148167, ""longitude"": 7.90906}, {""latitude"": 58.311745, ""longitude"": 7.90950333}, {""latitude"": 58.31240333, ""longitude"": 7.90934833}, {""latitude"": 58.312665, ""longitude"": 7.909745}, {""latitude"": 58.313225, ""longitude"": 7.91151833}, {""latitude"": 58.31341167, ""longitude"": 7.91163167}, {""latitude"": 58.31382833, ""longitude"": 7.911215}, {""latitude"": 58.31411833, ""longitude"": 7.91118}, {""latitude"": 58.314565, ""longitude"": 7.91271667}, {""latitude"": 58.31540667, ""longitude"": 7.91370167}, {""latitude"": 58.31548167, ""longitude"": 7.914405}, {""latitude"": 58.31573833, ""longitude"": 7.91488667}, {""latitude"": 58.31723167, ""longitude"": 7.91501833}, {""latitude"": 58.31817667, ""longitude"": 7.91446333}, {""latitude"": 58.31848667, ""longitude"": 7.914505}, {""latitude"": 58.31852, ""longitude"": 7.91490333}]"
52822,Svivarheia,"Kjør inn Erkleivveien, 100 meter etter Breimyr er det en bom-veg. Her starter turen. Følg skogsvegen ca 500, der går det en sti opp til venstre. Følg denne til toppen.",58.261083,7.991865,100,150,Medium,True,281,,,https://images.trimpoeng.no/activity_external_15850684201589472.jpg,Trimpoeng Milevis 2021,"[{""latitude"": 58.263586258639, ""longitude"": 7.9946457097823}, {""latitude"": 58.263099925493, ""longitude"": 7.9947514988705}, {""latitude"": 58.262773101506, ""longitude"": 7.9942724942268}, {""latitude"": 58.262866512345, ""longitude"": 7.9936812933605}, {""latitude"": 58.262409561275, ""longitude"": 7.9908893988077}, {""latitude"": 58.262289162121, ""longitude"": 7.9880375008595}, {""latitude"": 58.261904911118, ""longitude"": 7.9858779365301}, {""latitude"": 58.261721899406, ""longitude"": 7.9857865119351}, {""latitude"": 58.261750160635, ""longitude"": 7.9868067166788}, {""latitude"": 58.261356537999, ""longitude"": 7.9874892558896}, {""latitude"": 58.261437542325, ""longitude"": 7.9896605721963}, {""latitude"": 58.261105382992, ""longitude"": 7.991814670894}]"
52823,Lolandsvannet (Ca 5 Km),"Parkering ved Kjåvann, se kart ved parkering og følg merket løype",58.282955,7.897013,100,150,Medium,False,0,,,https://images.trimpoeng.no/activity_external_14633080448041460.jpg,Trimpoeng Milevis 2021,
52824,Hommefjellet (ca 2 km),"Kort fin tur til Hommefjellet. Her er det flott utsikt over Eikelandsdalen og øvre del av Vennesla.
Kjør opp Eikelandsdalen, ta til venstre opp Rønningsveg. Ca 700 meter etter Utsikten går det en traktorvei til høyre, dette er starten på turen",58.291226,8.005334,100,100,Medium,True,136,,,https://images.trimpoeng.no/activity_external_15259864535494771.jpg,Trimpoeng Milevis 2021,"[{""latitude"": 58.295511148416, ""longitude"": 8.000855611189}, {""latitude"": 58.294705283262, ""longitude"": 7.9978151630994}, {""latitude"": 58.294204171265, ""longitude"": 7.9979138073128}, {""latitude"": 58.293600196111, ""longitude"": 7.9977510218864}, {""latitude"": 58.29303023679, ""longitude"": 7.9980428999787}, {""latitude"": 58.292691867703, ""longitude"": 7.9984954010643}, {""latitude"": 58.292361375118, ""longitude"": 7.9982721285842}, {""latitude"": 58.291597122104, ""longitude"": 7.9993249248205}, {""latitude"": 58.29188595367, ""longitude"": 8.0016298836559}, {""latitude"": 58.291750902678, ""longitude"": 8.0036208946188}, {""latitude"": 58.291920925463, ""longitude"": 8.0046287668646}, {""latitude"": 58.29122621145, ""longitude"": 8.0053340529261}]"
52825,Slottet husmannsplass (ca 8 km),"Parker før bommen i Kvernhusdalen. Gå grusvegen og ta til venstre etter ca 1,5 km. Følg veien forbi Kringsjå. Når du kommer over hengebroa, tar du inn stien til venstre. Følg denne til du ser Paulen gård. Passer forbi gården og så finner stien merket Slottet på motsatt side av skinnegangen til Setesdalsbanen Herfra er det bare å følge stien opp til Slottet Husmannsplass. Husmannsplassen ble bygget i 1850 og det bodde folk der i omlag 45-50 år. Det finnes fortsatt ruiner igjen av grunnmurene. På veg opp vil du også passere stedet der Paulenbakken lå (er skiltet). Dette var en hoppbakke som var i bruk frem til 1902. Når du kommer opp til Slottet husmannsplass er det også mulig å gå ut mot kanten av fjellet og finne flotte utsiktsplasser.",58.304679,7.95905,100,200,Krevende,True,237,,,https://images.trimpoeng.no/activity_external_14650274752266843.jpg,Trimpoeng Milevis 2021,"[{""latitude"": 58.302748641308, ""longitude"": 7.9756190018333}, {""latitude"": 58.30332870417, ""longitude"": 7.9739758200643}, {""latitude"": 58.303343712187, ""longitude"": 7.9715986630371}, {""latitude"": 58.304190635385, ""longitude"": 7.9699629478377}, {""latitude"": 58.304906707405, ""longitude"": 7.9693447712389}, {""latitude"": 58.305968108899, ""longitude"": 7.9694211369765}, {""latitude"": 58.307011452878, ""longitude"": 7.9683897542814}, {""latitude"": 58.307759323305, ""longitude"": 7.968487596603}, {""latitude"": 58.30868111687, ""longitude"": 7.969262483582}, {""latitude"": 58.310289237389, ""longitude"": 7.969292706795}, {""latitude"": 58.310933484733, ""longitude"": 7.9697163078879}, {""latitude"": 58.311694785953, ""longitude"": 7.9705478313754}, {""latitude"": 58.313273115071, ""longitude"": 7.9708343180523}, {""latitude"": 58.313916555822, ""longitude"": 7.9715732279608}, {""latitude"": 58.314402540604, ""longitude"": 7.9708485385417}, {""latitude"": 58.314954400945, ""longitude"": 7.9704577968544}, {""latitude"": 58.315265410159, ""longitude"": 7.970605016522}, {""latitude"": 58.315645634837, ""longitude"": 7.9712476306245}, {""latitude"": 58.315850528032, ""longitude"": 7.9712691430508}, {""latitude"": 58.316033667627, ""longitude"": 7.9702755636425}, {""latitude"": 58.315821936195, ""longitude"": 7.9689599037532}, {""latitude"": 58.315902126294, ""longitude"": 7.9681423045706}, {""latitude"": 58.315719504633, ""longitude"": 7.9678374157146}, {""latitude"": 58.315340466308, ""longitude"": 7.9682635416469}, {""latitude"": 58.315261621172, ""longitude"": 7.9681956919821}, {""latitude"": 58.315423046113, ""longitude"": 7.9644654005081}, {""latitude"": 58.315149097642, ""longitude"": 7.963907792702}, {""latitude"": 58.314411594392, ""longitude"": 7.9631362249113}, {""latitude"": 58.313591332221, ""longitude"": 7.9635556567689}, {""latitude"": 58.312949353402, ""longitude"": 7.9632618038426}, {""latitude"": 58.312671036998, ""longitude"": 7.9637506003023}, {""latitude"": 58.312293404362, ""longitude"": 7.9624074457872}, {""latitude"": 58.311680933805, ""longitude"": 7.961510509989}, {""latitude"": 58.311790777148, ""longitude"": 7.961193835959}, {""latitude"": 58.31158209648, ""longitude"": 7.9606472613093}, {""latitude"": 58.310945280896, ""longitude"": 7.9611176194902}, {""latitude"": 58.310557977404, ""longitude"": 7.9618224006295}, {""latitude"": 58.310658405588, ""longitude"": 7.9609839927699}, {""latitude"": 58.309431330358, ""longitude"": 7.9618645821498}, {""latitude"": 58.308681428773, ""longitude"": 7.9614684519914}, {""latitude"": 58.308229783663, ""longitude"": 7.961778075568}, {""latitude"": 58.307811496038, ""longitude"": 7.9614298729214}, {""latitude"": 58.307512744469, ""longitude"": 7.9617155478679}, {""latitude"": 58.307126124493, ""longitude"": 7.9615148477621}, {""latitude"": 58.306823107114, ""longitude"": 7.9610637278299}, {""latitude"": 58.306309831067, ""longitude"": 7.9612443554408}, {""latitude"": 58.305870846761, ""longitude"": 7.9609739637869}, {""latitude"": 58.305332916463, ""longitude"": 7.9610829768272}, {""latitude"": 58.304985586458, ""longitude"": 7.9607868492553}, {""latitude"": 58.304697273593, ""longitude"": 7.9598004297221}, {""latitude"": 58.304921625796, ""longitude"": 7.9589763502487}]"
52826,"Åbålsknuten (ca 3,5 km)","Kjør riksveg mot Kristiansand, når du passerer innkjøringa til Åsvegen, tar du neste veg til venstre, kjør opp denne til du kommer forbi jernbane undergang.
Her er det mulig å parkere. Ta til venstre etter underganga. Følg denne vegen i ca 30 m, da tar du inn veg til høyre. Følg denne vegen, etter ca 600m kommer det skilt til Sagevann, følg dette. Etter ca 1,1 km kommer det et kryss, her tar du til venstre og følger traktorveg til du kommer ca 150m fra toppen. Nå blir terenget vanskligere å gå i, så det er bare å finne en sti opp",58.237017,7.971872,100,200,Krevende,True,172,,,https://images.trimpoeng.no/activity_external_15848114539928589.jpg,Trimpoeng Milevis 2021,"[{""latitude"": 58.242154980657, ""longitude"": 7.9521877646044}, {""latitude"": 58.242272823883, ""longitude"": 7.9526378296275}, {""latitude"": 58.241957924297, ""longitude"": 7.9548802058245}, {""latitude"": 58.242115783047, ""longitude"": 7.9556832922422}, {""latitude"": 58.242082444762, ""longitude"": 7.9567294473274}, {""latitude"": 58.241983877665, ""longitude"": 7.957700982987}, {""latitude"": 58.241481385365, ""longitude"": 7.9590078915285}, {""latitude"": 58.241495390744, ""longitude"": 7.9609968135712}, {""latitude"": 58.241018274243, ""longitude"": 7.9615208546482}, {""latitude"": 58.240093590975, ""longitude"": 7.9632326366864}, {""latitude"": 58.239319264951, ""longitude"": 7.9634767920875}, {""latitude"": 58.238155929427, ""longitude"": 7.963583814608}, {""latitude"": 58.237477729547, ""longitude"": 7.96342511425}, {""latitude"": 58.237155630233, ""longitude"": 7.9638429229174}, {""latitude"": 58.237039515211, ""longitude"": 7.9644049314813}, {""latitude"": 58.237173130927, ""longitude"": 7.9656324791977}, {""latitude"": 58.23692751597, ""longitude"": 7.9663199662987}, {""latitude"": 58.237581524799, ""longitude"": 7.9681463755201}, {""latitude"": 58.237640001085, ""longitude"": 7.9695172095666}, {""latitude"": 58.237492068155, ""longitude"": 7.9710055420361}, {""latitude"": 58.237264738459, ""longitude"": 7.9714085513016}, {""latitude"": 58.236985848872, ""longitude"": 7.971471014383}, {""latitude"": 58.2369067788, ""longitude"": 7.9717008212602}, {""latitude"": 58.237026425171, ""longitude"": 7.9718536367954}]"
52827,"Gåseflå, Gapahauker","Gapahaukene, Gåseflå. Her velger du startstedet, Kile Kafe eller Gåseflådammen. God parkering begge steder. Turen går langs gamle Setesdalsbanen. Ca 2,5 km fra begge utgangspunkt. Spesielt egnet for sykkel. Ta gjerne med fiskestanga. Hva med en overnatting??",58.408076,7.816582,100,200,Krevende,True,270,,,https://images.trimpoeng.no/activity_external_15883658597476670.jpg,Trimpoeng Milevis 2021,"[{""latitude"": 58.41163341170082, ""longitude"": 7.768947567184887}, {""latitude"": 58.41023964809869, ""longitude"": 7.7698917047581295}, {""latitude"": 58.40974507356752, ""longitude"": 7.771522487839184}, {""latitude"": 58.40996988103318, ""longitude"": 7.774269069870434}, {""latitude"": 58.41001484235419, ""longitude"": 7.776157345016919}, {""latitude"": 58.409340416514816, ""longitude"": 7.778903927048169}, {""latitude"": 58.40991570219403, ""longitude"": 7.781110205603898}, {""latitude"": 58.41050019579093, ""longitude"": 7.782998480750383}, {""latitude"": 58.41126451894153, ""longitude"": 7.785916724158586}, {""latitude"": 58.41198386676072, ""longitude"": 7.78780499930507}, {""latitude"": 58.41193890795229, ""longitude"": 7.789779105140031}, {""latitude"": 58.41180403118284, ""longitude"": 7.792354025794328}, {""latitude"": 58.41166915389703, ""longitude"": 7.795443930579484}, {""latitude"": 58.41126451894153, ""longitude"": 7.798018851233781}, {""latitude"": 58.41112963959036, ""longitude"": 7.800250449134172}, {""latitude"": 58.410769958796166, ""longitude"": 7.802825369788469}, {""latitude"": 58.41002503209172, ""longitude"": 7.805583686275366}, {""latitude"": 58.409170757428726, ""longitude"": 7.807300300044897}, {""latitude"": 58.408766093780294, ""longitude"": 7.810046882076147}, {""latitude"": 58.40845135217418, ""longitude"": 7.812535972041967}, {""latitude"": 58.407911788594426, ""longitude"": 7.8154542154501705}]"
52828,Lille Tempel (Ca 3 km),Ta av fra Eikelandsdalen og kjør opp forbi Utsikten. Parker ved skogsveien du ser på venstre side ca 100 meter etter innkjørselen til Utsikten. Følg skogsveg som etterhvert går over til sti. Dette er en enkel tur som passer for store og små. Mange bruker også sykkelen omtrent helt til plassen. Fin plass med benker og bålplass. Følg GPS spor i APP,58.290112,7.98172,100,100,Medium,True,274,,,https://images.trimpoeng.no/activity_external_14626173063492687.jpg,Trimpoeng Milevis 2021,"[{""latitude"": 58.29463908, ""longitude"": 7.99266118}, {""latitude"": 58.29579062, ""longitude"": 7.99377125}, {""latitude"": 58.29609768, ""longitude"": 7.9946328}, {""latitude"": 58.29664818, ""longitude"": 7.99465368}, {""latitude"": 58.29681082, ""longitude"": 7.99447482}, {""latitude"": 58.29677893, ""longitude"": 7.99377398}, {""latitude"": 58.29621891, ""longitude"": 7.991617}, {""latitude"": 58.29594066, ""longitude"": 7.99114451}, {""latitude"": 58.2958521, ""longitude"": 7.99044964}, {""latitude"": 58.29541167, ""longitude"": 7.98978361}, {""latitude"": 58.29378341, ""longitude"": 7.98813321}, {""latitude"": 58.29359412, ""longitude"": 7.98539108}, {""latitude"": 58.29317249, ""longitude"": 7.98468961}, {""latitude"": 58.29264554, ""longitude"": 7.98284516}, {""latitude"": 58.29190042, ""longitude"": 7.98279982}, {""latitude"": 58.29154656, ""longitude"": 7.98261016}, {""latitude"": 58.29099599, ""longitude"": 7.98271111}, {""latitude"": 58.29032448, ""longitude"": 7.98210358}, {""latitude"": 58.29010195, ""longitude"": 7.98159152}]"
52829,Spetteland (ca 8 km),"Parker før bommen i Kvernhusdalen. Gå grusveg og ta til høyre etter ca 3 km.
I starten er det traktoveg, siste stykket er grei sti, Når du kommer frem er det rester av gammel bosetting og flotte bademuligheter i Kuåna",58.329875,7.970907,100,200,Krevende,True,381,3653,,https://images.trimpoeng.no/activity_external_15864216769257197.jpg,Trimpoeng Milevis 2021,"[{""latitude"": 58.303473569929, ""longitude"": 7.9739550235647}, {""latitude"": 58.303393466439, ""longitude"": 7.9715977230231}, {""latitude"": 58.304317007871, ""longitude"": 7.9697811668647}, {""latitude"": 58.305055196347, ""longitude"": 7.9692283717715}, {""latitude"": 58.305984299229, ""longitude"": 7.9693730424147}, {""latitude"": 58.306912664672, ""longitude"": 7.9684151190263}, {""latitude"": 58.307462534578, ""longitude"": 7.9682600757975}, {""latitude"": 58.308763292178, ""longitude"": 7.9691958345217}, {""latitude"": 58.310367690865, ""longitude"": 7.9692289684639}, {""latitude"": 58.311787524303, ""longitude"": 7.970526567526}, {""latitude"": 58.313423475171, ""longitude"": 7.9708090663165}, {""latitude"": 58.31417786841, ""longitude"": 7.9716700410653}, {""latitude"": 58.315021762101, ""longitude"": 7.9713991231707}, {""latitude"": 58.316269747103, ""longitude"": 7.9724129167853}, {""latitude"": 58.317152111766, ""longitude"": 7.9721532413986}, {""latitude"": 58.317924874289, ""longitude"": 7.9723699869124}, {""latitude"": 58.318270422403, ""longitude"": 7.9727938393722}, {""latitude"": 58.319706666419, ""longitude"": 7.9756552903887}, {""latitude"": 58.320553430009, ""longitude"": 7.9759979727636}, {""latitude"": 58.321404671153, ""longitude"": 7.9751007018679}, {""latitude"": 58.322351699959, ""longitude"": 7.9730066238727}, {""latitude"": 58.322891281738, ""longitude"": 7.9724141469281}, {""latitude"": 58.325903256718, ""longitude"": 7.9660500222545}, {""latitude"": 58.326933341405, ""longitude"": 7.9667899653207}, {""latitude"": 58.32739408311, ""longitude"": 7.9673183669098}, {""latitude"": 58.327614999551, ""longitude"": 7.9681776794286}, {""latitude"": 58.328152723608, ""longitude"": 7.9689404303026}, {""latitude"": 58.328562597042, ""longitude"": 7.9690079490414}, {""latitude"": 58.329317854758, ""longitude"": 7.9696837103052}, {""latitude"": 58.329560268027755, ""longitude"": 7.9707179320559}, {""latitude"": 58.32993683070535, ""longitude"": 7.9707304957551806}]"
52832,Bommen fra sentrum (ca 4 km),,58.277218,7.954225,75,75,Enkel,True,4615,2087,,https://images.trimpoeng.no/activity_external_14624661484241103.jpg,Trimpoeng Milevis 2021,"[{""latitude"": 58.26912341035042, ""longitude"": 7.97101154923439}, {""latitude"": 58.2691530340802, ""longitude"": 7.971350848674774}, {""latitude"": 58.26899221924935, ""longitude"": 7.971543967723846}, {""latitude"": 58.2688201183586, ""longitude"": 7.971501052379608}, {""latitude"": 58.26871008620347, ""longitude"": 7.971415221691132}, {""latitude"": 58.268611339106634, ""longitude"": 7.971173822879791}, {""latitude"": 58.26868187277532, ""longitude"": 7.970835864543915}, {""latitude"": 58.26876369165508, ""longitude"": 7.9707071185112}, {""latitude"": 58.26835459536685, ""longitude"": 7.969497442245483}, {""latitude"": 58.268343309885054, ""longitude"": 7.965935468673706}, {""latitude"": 58.26905428821794, ""longitude"": 7.96559751033783}, {""latitude"": 58.26986681741394, ""longitude"": 7.9641276597976685}, {""latitude"": 58.26982731989784, ""longitude"": 7.96285092830658}, {""latitude"": 58.26981039237742, ""longitude"": 7.961756587028503}, {""latitude"": 58.26959597641913, ""longitude"": 7.961107492446899}, {""latitude"": 58.27022793551962, ""longitude"": 7.960957288742065}, {""latitude"": 58.27072446690472, ""longitude"": 7.960613965988159}, {""latitude"": 58.27060597709275, ""longitude"": 7.958119511604309}, {""latitude"": 58.27122381247238, ""longitude"": 7.954930365085602}, {""latitude"": 58.271802141762706, ""longitude"": 7.954597771167755}, {""latitude"": 58.27201090221179, ""longitude"": 7.954074740409851}, {""latitude"": 58.273077253962576, ""longitude"": 7.953119874000549}, {""latitude"": 58.274183066318294, ""longitude"": 7.951926290988922}, {""latitude"": 58.27514780298328, ""longitude"": 7.951574921607971}, {""latitude"": 58.27652434080008, ""longitude"": 7.9523152112960815}, {""latitude"": 58.27725772025203, ""longitude"": 7.953194975852966}]"
52833,Storemyr (Ca 3 Km),"Parker på toppen av Saga Terasse. Herfra tar du grusveg nord for sagevannet. Etter ca 800 m kan du ta stien inn til venstre som er merket Linnvann/Slettehei. Det er flere stier i dette området, men dy kan bruke GPS spor i app. Når du kommer frem til Storemyr kan du også holde til høyre og komme til Meåsen.",58.229504,7.959812,100,100,Medium,False,0,,,https://images.trimpoeng.no/activity_external_15849032066848039.jpg,Trimpoeng Milevis 2021,"[{""latitude"": 58.22340667, ""longitude"": 7.94470167}, {""latitude"": 58.22361, ""longitude"": 7.94568333}, {""latitude"": 58.22327333, ""longitude"": 7.94677333}, {""latitude"": 58.22334667, ""longitude"": 7.94778833}, {""latitude"": 58.22479833, ""longitude"": 7.95298667}, {""latitude"": 58.22412167, ""longitude"": 7.95566167}, {""latitude"": 58.22397333, ""longitude"": 7.95673167}, {""latitude"": 58.22405333, ""longitude"": 7.95814833}, {""latitude"": 58.22420833, ""longitude"": 7.95825667}, {""latitude"": 58.22463167, ""longitude"": 7.95778}, {""latitude"": 58.22505333, ""longitude"": 7.95773833}, {""latitude"": 58.226365, ""longitude"": 7.95910333}, {""latitude"": 58.22705167, ""longitude"": 7.95959833}, {""latitude"": 58.22735, ""longitude"": 7.95953667}, {""latitude"": 58.227575, ""longitude"": 7.95883167}, {""latitude"": 58.22766, ""longitude"": 7.95889833}, {""latitude"": 58.22788667, ""longitude"": 7.960105}, {""latitude"": 58.22835833, ""longitude"": 7.95965333}, {""latitude"": 58.22883167, ""longitude"": 7.959855}]"
52834,Støletjønn (Ca 5 km),Utgangspunktet for turen er Parkeringsplassen i Heptekjerr.  Følg Mila/GPS spor i ca 2 km. Vil så anbefale å ta av mot Støleåsen og følge denne stien,58.271556,8.007617,77,100,Medium,True,341,2810,,https://images.trimpoeng.no/activity_external_15887959615510825.jpg,Trimpoeng Milevis 2021,"[{""latitude"": 58.283713109216, ""longitude"": 7.9888052196018}, {""latitude"": 58.283636033283, ""longitude"": 7.9894112164612}, {""latitude"": 58.2829886404, ""longitude"": 7.9906798383369}, {""latitude"": 58.283154884426, ""longitude"": 7.9915899948576}, {""latitude"": 58.28308376931, ""longitude"": 7.9920351050744}, {""latitude"": 58.282414847164, ""longitude"": 7.9934443344359}, {""latitude"": 58.281833262546, ""longitude"": 7.9937246048222}, {""latitude"": 58.281161707189, ""longitude"": 7.9937167803485}, {""latitude"": 58.280136452606, ""longitude"": 7.9947963687903}, {""latitude"": 58.279861607919, ""longitude"": 7.9946155621148}, {""latitude"": 58.279391105974, ""longitude"": 7.9949165531653}, {""latitude"": 58.279209017234, ""longitude"": 7.9948512155309}, {""latitude"": 58.279048606053, ""longitude"": 7.9942662838444}, {""latitude"": 58.279523875002, ""longitude"": 7.9923990664214}, {""latitude"": 58.279688340835, ""longitude"": 7.9904696376009}, {""latitude"": 58.27969613933, ""longitude"": 7.9893209749462}, {""latitude"": 58.279402423821, ""longitude"": 7.9893333801501}, {""latitude"": 58.278817349514, ""longitude"": 7.9900184039286}, {""latitude"": 58.27776820883, ""longitude"": 7.9925710966601}, {""latitude"": 58.27672198453, ""longitude"": 7.9935667315144}, {""latitude"": 58.27629758938, ""longitude"": 7.9943701008892}, {""latitude"": 58.275024088087, ""longitude"": 7.9957725781324}, {""latitude"": 58.274813194952, ""longitude"": 7.9963290228158}, {""latitude"": 58.274586236115, ""longitude"": 7.9981698325814}, {""latitude"": 58.273926126829, ""longitude"": 7.9998730072347}, {""latitude"": 58.273420935852, ""longitude"": 8.0006177064485}, {""latitude"": 58.272773861626, ""longitude"": 8.0037716611026}, {""latitude"": 58.272739839812, ""longitude"": 8.0046850586251}, {""latitude"": 58.272464444984, ""longitude"": 8.0053227545133}, {""latitude"": 58.272381405017, ""longitude"": 8.0061809216706}, {""latitude"": 58.27269822929, ""longitude"": 8.0072859240619}, {""latitude"": 58.273045532573, ""longitude"": 8.0078594292496}, {""latitude"": 58.272993007855, ""longitude"": 8.0084650900705}, {""latitude"": 58.273164657356, ""longitude"": 8.00898124486}, {""latitude"": 58.272661348212, ""longitude"": 8.0086556567321}, {""latitude"": 58.272251124429, ""longitude"": 8.0075338239923}, {""latitude"": 58.271919875349, ""longitude"": 8.0075784766358}, {""latitude"": 58.27172723887004, ""longitude"": 8.007398027293101}]"
52835,"Steinåsen, Utsiktspunkt over Skådane (Ca 2,4 km)","Flott utsiktspunkt. Følg stien videre innover etter innsjekkingspunktet til Skådane. Når du kommer til der stien deler seg, tar du til venstre. 
På toppen av bakken ligger utsiktspunktet opp til høyre.",58.282699,7.943921,75,100,Medium,True,661,,,https://images.trimpoeng.no/activity_external_14660259169780198.jpg,Trimpoeng Milevis 2021,"[{""latitude"": 58.27671636, ""longitude"": 7.95166203}, {""latitude"": 58.27673295, ""longitude"": 7.95094993}, {""latitude"": 58.27708057, ""longitude"": 7.94971677}, {""latitude"": 58.2781855, ""longitude"": 7.9484601}, {""latitude"": 58.27801162, ""longitude"": 7.94836152}, {""latitude"": 58.27770102, ""longitude"": 7.94753556}, {""latitude"": 58.27788835, ""longitude"": 7.946556}, {""latitude"": 58.27814741, ""longitude"": 7.94605655}, {""latitude"": 58.27900905, ""longitude"": 7.94543084}, {""latitude"": 58.28012072, ""longitude"": 7.94538108}, {""latitude"": 58.28047026, ""longitude"": 7.94562533}, {""latitude"": 58.28065357, ""longitude"": 7.94553592}, {""latitude"": 58.28185653, ""longitude"": 7.9434095}, {""latitude"": 58.28203952, ""longitude"": 7.94244647}, {""latitude"": 58.28242872, ""longitude"": 7.94174536}, {""latitude"": 58.28260314, ""longitude"": 7.94182653}, {""latitude"": 58.28260485, ""longitude"": 7.94252818}, {""latitude"": 58.28237534, ""longitude"": 7.9434482}]"
52836,Eikelandsvarden (ca 6 km),"Parker bilen i Heptekjerr. Følg så turløypa. Gå mot Stemtjønn og følg stien i ca 1,4 km. Her kommer du til et skilt merket Stemtjønn 1,6 km. ta til høyre og følger stien ca 700m. Underveis langs stien, passerer en båt som ligger velvet . Her tar du til venstre og følger stien til Eikelandsvarden.",58.279598,8.029112,200,200,Krevende,True,258,,,https://images.trimpoeng.no/activity_external_14640343924975295.jpg,Trimpoeng Milevis 2021,"[{""latitude"": 58.283733, ""longitude"": 7.989095}, {""latitude"": 58.283009, ""longitude"": 7.990712}, {""latitude"": 58.283195, ""longitude"": 7.991707}, {""latitude"": 58.2831, ""longitude"": 7.992}, {""latitude"": 58.283195, ""longitude"": 7.992295}, {""latitude"": 58.283382, ""longitude"": 7.992271}, {""latitude"": 58.283531, ""longitude"": 7.992485}, {""latitude"": 58.283745, ""longitude"": 7.993036}, {""latitude"": 58.284222, ""longitude"": 7.995765}, {""latitude"": 58.284058, ""longitude"": 7.997188}, {""latitude"": 58.284161, ""longitude"": 7.998192}, {""latitude"": 58.283943, ""longitude"": 7.999591}, {""latitude"": 58.284027, ""longitude"": 8.000305}, {""latitude"": 58.283836, ""longitude"": 8.001711}, {""latitude"": 58.283428, ""longitude"": 8.002884}, {""latitude"": 58.28389, ""longitude"": 8.005557}, {""latitude"": 58.283699, ""longitude"": 8.006921}, {""latitude"": 58.28331, ""longitude"": 8.008128}, {""latitude"": 58.282734, ""longitude"": 8.009089}, {""latitude"": 58.282047, ""longitude"": 8.009566}, {""latitude"": 58.281673, ""longitude"": 8.010403}, {""latitude"": 58.281105, ""longitude"": 8.010345}, {""latitude"": 58.280537, ""longitude"": 8.01058}, {""latitude"": 58.280247, ""longitude"": 8.010178}, {""latitude"": 58.280064, ""longitude"": 8.010168}, {""latitude"": 58.279675, ""longitude"": 8.010217}, {""latitude"": 58.278965, ""longitude"": 8.010652}, {""latitude"": 58.278461, ""longitude"": 8.013394}, {""latitude"": 58.278309, ""longitude"": 8.013605}, {""latitude"": 58.277561, ""longitude"": 8.013609}, {""latitude"": 58.277115, ""longitude"": 8.014335}, {""latitude"": 58.277637, ""longitude"": 8.01586}, {""latitude"": 58.277882, ""longitude"": 8.017978}, {""latitude"": 58.277885, ""longitude"": 8.019742}, {""latitude"": 58.278214, ""longitude"": 8.02105}, {""latitude"": 58.278225, ""longitude"": 8.022833}, {""latitude"": 58.278404, ""longitude"": 8.023864}, {""latitude"": 58.278522, ""longitude"": 8.024124}, {""latitude"": 58.278881, ""longitude"": 8.023939}, {""latitude"": 58.279404, ""longitude"": 8.025851}, {""latitude"": 58.279789, ""longitude"": 8.026643}, {""latitude"": 58.279419000000004, ""longitude"": 8.028529084655702}, {""latitude"": 58.279535464661976, ""longitude"": 8.029156149459823}]"
52838,"Himmerikshei (ca 3,5km)","Himmerikshei er en fantastisk flott plass når man kommer opp.
Turen opp er i begynnelsen på en tydelig traktorveg. Når man kommer til enden av denne, er det ikke noe tydelig sti til toppen. Men det er bare å følge GPS sporet i app. Turen har ganske kraftig stigninger store deler, men flater ut på toppen. ( husk å starte app når dere har 4G dekning)",58.338618,7.849616,100,200,Krevende,True,51,1378,,https://images.trimpoeng.no/activity_external_15605514826660607.jpg,Trimpoeng Milevis 2021,"[{""latitude"": 58.331557193381, ""longitude"": 7.8501733817824}, {""latitude"": 58.331990788414, ""longitude"": 7.8516276901791}, {""latitude"": 58.33249085882, ""longitude"": 7.8520672785346}, {""latitude"": 58.33300351555, ""longitude"": 7.852841169721}, {""latitude"": 58.333098111301, ""longitude"": 7.85289040375}, {""latitude"": 58.33327427163, ""longitude"": 7.8521763188031}, {""latitude"": 58.333531153094, ""longitude"": 7.8523473666184}, {""latitude"": 58.334437768128, ""longitude"": 7.8522929901445}, {""latitude"": 58.33510972891, ""longitude"": 7.8526308520558}, {""latitude"": 58.335274248937, ""longitude"": 7.8530833508688}, {""latitude"": 58.335567744146, ""longitude"": 7.8529956736283}, {""latitude"": 58.33658566858, ""longitude"": 7.8535962836003}, {""latitude"": 58.336802164016, ""longitude"": 7.8535827996878}, {""latitude"": 58.33700162873, ""longitude"": 7.8533443759123}, {""latitude"": 58.337218373011, ""longitude"": 7.8537092667512}, {""latitude"": 58.337826562366, ""longitude"": 7.8538055436019}, {""latitude"": 58.338106416143, ""longitude"": 7.8542930936979}, {""latitude"": 58.338633228488, ""longitude"": 7.854380372042}, {""latitude"": 58.33885568207, ""longitude"": 7.8546530951902}, {""latitude"": 58.339049013966, ""longitude"": 7.8545156710384}, {""latitude"": 58.33917924644, ""longitude"": 7.8546674649714}, {""latitude"": 58.339675142855, ""longitude"": 7.8532853196898}, {""latitude"": 58.339775920375, ""longitude"": 7.8516061430722}, {""latitude"": 58.339674582749, ""longitude"": 7.8510552712296}, {""latitude"": 58.339252084259, ""longitude"": 7.8507072993888}, {""latitude"": 58.338973082033, ""longitude"": 7.850739977481}, {""latitude"": 58.338713329463, ""longitude"": 7.8497613682442}]"
52839,Skulebergvannet (ca 3 km),Skulebergvannet ligger sør-øst for Drivenesvannet. Turen går hele tiden på fin grusvei. Utgangspunktet for turen er på toppen av Driveneskleivene.,58.284463,7.922765,100,100,Medium,True,480,1440,,https://images.trimpoeng.no/activity_external_15624999163812639.jpg,Trimpoeng Milevis 2021,"[{""latitude"": 58.29189802357871, ""longitude"": 7.931763267523479}, {""latitude"": 58.29097321715005, ""longitude"": 7.931140995032024}, {""latitude"": 58.290601032134894, ""longitude"": 7.9315272331301685}, {""latitude"": 58.29044313427959, ""longitude"": 7.9332438468997}, {""latitude"": 58.29021756469314, ""longitude"": 7.933436965948772}, {""latitude"": 58.28991304347144, ""longitude"": 7.932396268850994}, {""latitude"": 58.28947317485989, ""longitude"": 7.931505775458049}, {""latitude"": 58.28929953205659, ""longitude"": 7.931182381080475}, {""latitude"": 58.28915290725232, ""longitude"": 7.930173870490876}, {""latitude"": 58.28876942412384, ""longitude"": 7.929615971015778}, {""latitude"": 58.288650994671116, ""longitude"": 7.929658886360016}, {""latitude"": 58.288318262183836, ""longitude"": 7.930291887687531}, {""latitude"": 58.28786709449425, ""longitude"": 7.930635210441437}, {""latitude"": 58.287607670469264, ""longitude"": 7.930334803031769}, {""latitude"": 58.28747795774391, ""longitude"": 7.929626699851838}, {""latitude"": 58.28747795774391, ""longitude"": 7.9287576641310125}, {""latitude"": 58.28753999432404, ""longitude"": 7.9283070530165105}, {""latitude"": 58.28727492817623, ""longitude"": 7.925627252520144}, {""latitude"": 58.28685758596402, ""longitude"": 7.923277637423098}, {""latitude"": 58.286688391773794, ""longitude"": 7.923084518374026}, {""latitude"": 58.2860285267062, ""longitude"": 7.922902128161013}, {""latitude"": 58.28564500973391, ""longitude"": 7.922269126833498}, {""latitude"": 58.28550400980265, ""longitude"": 7.922344228685915}, {""latitude"": 58.285159967613815, ""longitude"": 7.922687551439822}, {""latitude"": 58.28446041452308, ""longitude"": 7.922762653292239}]"
52840,Hestetjønnan,Hestetjønnan finner du i Nasbøvarden rundløype. Løypa er merket fra parkeringa ved Kjåvannet.,58.319806,7.900087,100,100,Medium,True,912,,,https://images.trimpoeng.no/activity_external_14931444717929118.jpg,Trimpoeng Milevis 2021,"[{""latitude"": 58.29859, ""longitude"": 7.89788}, {""latitude"": 58.3, ""longitude"": 7.89806}, {""latitude"": 58.30141, ""longitude"": 7.89872}, {""latitude"": 58.3028, ""longitude"": 7.89878}, {""latitude"": 58.30304, ""longitude"": 7.89872}, {""latitude"": 58.30398, ""longitude"": 7.89769}, {""latitude"": 58.30455, ""longitude"": 7.89729}, {""latitude"": 58.30528, ""longitude"": 7.89726}, {""latitude"": 58.30655, ""longitude"": 7.89789}, {""latitude"": 58.30733, ""longitude"": 7.89807}, {""latitude"": 58.30844, ""longitude"": 7.8981}, {""latitude"": 58.31067, ""longitude"": 7.89634}, {""latitude"": 58.31156, ""longitude"": 7.89611}, {""latitude"": 58.31221, ""longitude"": 7.89552}, {""latitude"": 58.31296, ""longitude"": 7.89537}, {""latitude"": 58.31407, ""longitude"": 7.89576}, {""latitude"": 58.31471, ""longitude"": 7.89543}, {""latitude"": 58.31619, ""longitude"": 7.89632}, {""latitude"": 58.31697, ""longitude"": 7.89721}, {""latitude"": 58.3174, ""longitude"": 7.89716}, {""latitude"": 58.31861, ""longitude"": 7.89855}, {""latitude"": 58.3192, ""longitude"": 7.8986}, {""latitude"": 58.31977, ""longitude"": 7.89899}, {""latitude"": 58.31994, ""longitude"": 7.89967}, {""latitude"": 58.31981, ""longitude"": 7.9}]"
52843,Bombekken Foss,Flott Plass mellom Skådane og Smååsane,58.278225,7.941057,83,100,Medium,True,2177,,,https://images.trimpoeng.no/activity_external_15851528903423674.jpg,Trimpoeng Milevis 2021,"[{""latitude"": 58.26450125018, ""longitude"": 7.9422724482242}, {""latitude"": 58.264382086652, ""longitude"": 7.9417246680676}, {""latitude"": 58.264964939474, ""longitude"": 7.9429721495841}, {""latitude"": 58.265193762044, ""longitude"": 7.9442248254019}, {""latitude"": 58.266263927708, ""longitude"": 7.9445353092415}, {""latitude"": 58.266803728795, ""longitude"": 7.9450041968834}, {""latitude"": 58.267187027148, ""longitude"": 7.9461376677292}, {""latitude"": 58.267818253, ""longitude"": 7.9465338896014}, {""latitude"": 58.267941373515, ""longitude"": 7.9471772474438}, {""latitude"": 58.269984819685, ""longitude"": 7.9485936404778}, {""latitude"": 58.270408224188, ""longitude"": 7.9484167726555}, {""latitude"": 58.270738543057, ""longitude"": 7.9488431224202}, {""latitude"": 58.271048922164, ""longitude"": 7.948979155382}, {""latitude"": 58.27150065856, ""longitude"": 7.949966384282}, {""latitude"": 58.272358126342, ""longitude"": 7.9504513332544}, {""latitude"": 58.27350881813, ""longitude"": 7.9491630825526}, {""latitude"": 58.273770318471, ""longitude"": 7.9485701009292}, {""latitude"": 58.274777774977, ""longitude"": 7.9480517852017}, {""latitude"": 58.275490643333, ""longitude"": 7.9479124156616}, {""latitude"": 58.276194539727, ""longitude"": 7.9468996344662}, {""latitude"": 58.276528024162, ""longitude"": 7.9467261409794}, {""latitude"": 58.27711158876, ""longitude"": 7.9459587021507}, {""latitude"": 58.277790905875, ""longitude"": 7.9456121262483}, {""latitude"": 58.27816442204, ""longitude"": 7.9450943349304}, {""latitude"": 58.278506478366, ""longitude"": 7.9430859816574}, {""latitude"": 58.27845542212, ""longitude"": 7.9427871750458}, {""latitude"": 58.278098109964, ""longitude"": 7.9425303344034}, {""latitude"": 58.278111723143, ""longitude"": 7.9417627589983}]"
52844,"Engelandsgruva (2,5 km)","På Engelandsheia ligger det i dag rester etter kobbergruver. Gruvene ligger et stykke inne på heia ved Kjåvann. Ingen vet helt sikkert når gruvedriften startet her for første gang, men man antar at det kan ha vært drift her fra rundt midten av 1800-tallet. Kilde: Vennesla Tidende.
Parker ved kjåvannet og følg GPS spor på Appen. Fin tur til historisk grunn",58.303905,7.892509,100,100,Medium,True,198,1039,,https://images.trimpoeng.no/activity_external_15848109374254450.jpg,Trimpoeng Milevis 2021,"[{""latitude"": 58.29860904604087, ""longitude"": 7.896715800537533}, {""latitude"": 58.29869925265869, ""longitude"": 7.896136443390316}, {""latitude"": 58.298507563320975, ""longitude"": 7.8951708481449545}, {""latitude"": 58.29836097665623, ""longitude"": 7.894441287292904}, {""latitude"": 58.2986315977169, ""longitude"": 7.893711726440853}, {""latitude"": 58.298988663976594, ""longitude"": 7.8935379044319065}, {""latitude"": 58.299231091140015, ""longitude"": 7.893258954694358}, {""latitude"": 58.29912961020394, ""longitude"": 7.892840530088034}, {""latitude"": 58.298988663976594, ""longitude"": 7.892550851514426}, {""latitude"": 58.298988663976594, ""longitude"": 7.892046596219626}, {""latitude"": 58.299107058845294, ""longitude"": 7.89145651023635}, {""latitude"": 58.29931565836444, ""longitude"": 7.890855695417014}, {""latitude"": 58.29953553220217, ""longitude"": 7.8905660168434055}, {""latitude"": 58.30002160381576, ""longitude"": 7.891070272138205}, {""latitude"": 58.30013435755125, ""longitude"": 7.891435052564231}, {""latitude"": 58.30068120807167, ""longitude"": 7.891982223203269}, {""latitude"": 58.30108147474535, ""longitude"": 7.892186071088401}, {""latitude"": 58.30138589988842, ""longitude"": 7.892507936170188}, {""latitude"": 58.30184817009751, ""longitude"": 7.892192464802239}, {""latitude"": 58.302124401852005, ""longitude"": 7.892203193638299}, {""latitude"": 58.30251738812804, ""longitude"": 7.891781672973206}, {""latitude"": 58.30283871266237, ""longitude"": 7.891524180907776}, {""latitude"": 58.30316003427863, ""longitude"": 7.890901908416321}, {""latitude"": 58.303596224254505, ""longitude"": 7.891749486465027}, {""latitude"": 58.30392317606615, ""longitude"": 7.8923181147761845}]"
52845,Slåtta. Abelvoldens slotte (ca 5 km),"Utgangspunktet for turen er Lomtjønn. Inne på heia, ca 2 km sørøst for Vikeland, ligger Åbelvoldens slotte, eller ""Slåtta"" som den ble kalt.. Slåtta har etter hvert har blitt det vanlige navnet på denne plassen. Her ved Byttingstjønn, var det Anders Åbolvolden hadde ei gammel løe. Skjønt løe - det var vel nærmest ei slags hytte da det også møbler der inne. Han hadde også en  gammel T-Ford, som han i mange år brukte til vinsj i forbindelse med pløying av myra i nærheten av hytta. Kilde Vennesla Historielag.",58.238459,7.983613,100,100,Medium,True,172,,,https://images.trimpoeng.no/activity_external_15887113161609035.jpg,Trimpoeng Milevis 2021,"[{""latitude"": 58.252123608231585, ""longitude"": 7.973666996947668}, {""latitude"": 58.2519429573787, ""longitude"": 7.973323674193762}, {""latitude"": 58.25173972406889, ""longitude"": 7.972830147735022}, {""latitude"": 58.25159294373172, ""longitude"": 7.972315163604162}, {""latitude"": 58.25151390791383, ""longitude"": 7.972100586882971}, {""latitude"": 58.25137841753039, ""longitude"": 7.971993298522375}, {""latitude"": 58.25129373577786, ""longitude"": 7.971531958571814}, {""latitude"": 58.25104804053099, ""longitude"": 7.971446127883337}, {""latitude"": 58.25079963783517, ""longitude"": 7.971231551162146}, {""latitude"": 58.25060768910546, ""longitude"": 7.970952601424597}, {""latitude"": 58.25047219525883, ""longitude"": 7.971231551162146}, {""latitude"": 58.25034799211122, ""longitude"": 7.971489043227575}, {""latitude"": 58.25021249727213, ""longitude"": 7.97138175486698}, {""latitude"": 58.249941506040535, ""longitude"": 7.9713602971948605}, {""latitude"": 58.24965922130517, ""longitude"": 7.97138175486698}, {""latitude"": 58.2494898493852, ""longitude"": 7.971531958571814}, {""latitude"": 58.249354351266646, ""longitude"": 7.9718109083093625}, {""latitude"": 58.24921885263033, ""longitude"": 7.972154231063269}, {""latitude"": 58.24907206185663, ""longitude"": 7.9722829770959835}, {""latitude"": 58.2489252704752, ""longitude"": 7.97211131571903}, {""latitude"": 58.248801061908566, ""longitude"": 7.972325892440222}, {""latitude"": 58.248609102358856, ""longitude"": 7.972540469161413}, {""latitude"": 58.24838326626399, ""longitude"": 7.97262629984989}, {""latitude"": 58.24816872064155, ""longitude"": 7.97262629984989}, {""latitude"": 58.248078385254246, ""longitude"": 7.972969622603796}, {""latitude"": 58.24798804963683, ""longitude"": 7.973420233718298}, {""latitude"": 58.24779608568564, ""longitude"": 7.973527522078894}, {""latitude"": 58.24762670486567, ""longitude"": 7.973548979751013}, {""latitude"": 58.24743473895824, ""longitude"": 7.973634810439489}, {""latitude"": 58.247186310947114, ""longitude"": 7.973506064406775}, {""latitude"": 58.247073388548515, ""longitude"": 7.973270030013464}, {""latitude"": 58.24694917349471, ""longitude"": 7.972948164931677}, {""latitude"": 58.2467797886292, ""longitude"": 7.973162741652868}, {""latitude"": 58.24657652572255, ""longitude"": 7.973355860701941}, {""latitude"": 58.24645230892822, ""longitude"": 7.9736562681116085}, {""latitude"": 58.2463280916988, ""longitude"": 7.974149794570349}, {""latitude"": 58.24623775162226, ""longitude"": 7.974707694045446}, {""latitude"": 58.246181288957565, ""longitude"": 7.975222678176306}, {""latitude"": 58.245966730011766, ""longitude"": 7.975458712569616}, {""latitude"": 58.24574087708741, ""longitude"": 7.9753299665369015}, {""latitude"": 58.245503729968696, ""longitude"": 7.975008101455114}, {""latitude"": 58.24518753134343, ""longitude"": 7.974514574996374}, {""latitude"": 58.244747107131296, ""longitude"": 7.974922270766638}, {""latitude"": 58.2444534879511, ""longitude"": 7.975458712569616}, {""latitude"": 58.24422762538897, ""longitude"": 7.9757805776514035}, {""latitude"": 58.2442163322231, ""longitude"": 7.976338477126501}, {""latitude"": 58.244092107161215, ""longitude"": 7.9767032575525265}, {""latitude"": 58.24392270864832, ""longitude"": 7.977239699355505}, {""latitude"": 58.24366296269026, ""longitude"": 7.978205294600866}, {""latitude"": 58.24344838850741, ""longitude"": 7.978934855452917}, {""latitude"": 58.24340321482982, ""longitude"": 7.979428381911657}, {""latitude"": 58.243166052078344, ""longitude"": 7.9796000432886105}, {""latitude"": 58.242906300578426, ""longitude"": 7.979771704665564}, {""latitude"": 58.24265784084184, ""longitude"": 7.980029196730993}, {""latitude"": 58.24236420436353, ""longitude"": 7.980243773452185}, {""latitude"": 58.24210444699085, ""longitude"": 7.9805227231897335}, {""latitude"": 58.24182209986267, ""longitude"": 7.981080622664831}, {""latitude"": 58.24184468771567, ""longitude"": 7.981477589599035}, {""latitude"": 58.24164139652104, ""longitude"": 7.981488318435095}, {""latitude"": 58.24143810416121, ""longitude"": 7.981252284041784}, {""latitude"": 58.241279987075764, ""longitude"": 7.980930418959997}, {""latitude"": 58.241065398475165, ""longitude"": 7.980887503615759}, {""latitude"": 58.2407717488125, ""longitude"": 7.9809733343042355}, {""latitude"": 58.24060233443971, ""longitude"": 7.981230826369665}, {""latitude"": 58.24035385856251, ""longitude"": 7.981531233779333}, {""latitude"": 58.2401053809446, ""longitude"": 7.981938929549597}, {""latitude"": 58.239834312467075, ""longitude"": 7.982410998336218}, {""latitude"": 58.23955569783839, ""longitude"": 7.982718612685331}, {""latitude"": 58.23907002448715, ""longitude"": 7.983190681471952}, {""latitude"": 58.23878765320263, ""longitude"": 7.983276512160429}, {""latitude"": 58.238527869635554, ""longitude"": 7.983555461897978}]"
52847,Dalletjønna (ca 3 km),"Parker bilen nord for Coop Extra i Lundevegen . Gå inn Bjørkelivegen. Etter ca. 150 meter, tar du til høyre opp Dalevegen. Følger du vegen videre så går du rett på Dalletjønna. Ønsker en noe lenger tur kan du følge turløype mot Sagevann , om Tømmeråsen (rød merket). Når du kommer forbi Tømmeråsen, er det et skilt til Sagevann. Her tar du rett frem for å komme ned til til Høylandsvegen. Du kan fortsette rundturen tilbake langs Åsvegen -Lundevegen forbi Cardio24 og tilbake til startpunktet.",58.247431,7.973947,100,100,Medium,True,653,949,,https://images.trimpoeng.no/activity_external_14624639271796620.jpg,Trimpoeng Milevis 2021,"[{""latitude"": 58.251932515688516, ""longitude"": 7.96618364395687}, {""latitude"": 58.25110828424858, ""longitude"": 7.96592615189144}, {""latitude"": 58.25083729986368, ""longitude"": 7.967299442907065}, {""latitude"": 58.25150346609729, ""longitude"": 7.967599850316733}, {""latitude"": 58.25135668478198, ""longitude"": 7.9683937841851415}, {""latitude"": 58.25133410298722, ""longitude"": 7.969359379430503}, {""latitude"": 58.25106312032829, ""longitude"": 7.969745617528647}, {""latitude"": 58.25065664245641, ""longitude"": 7.969552498479575}, {""latitude"": 58.25026145116871, ""longitude"": 7.969316464086265}, {""latitude"": 58.249866255476114, ""longitude"": 7.969337921758384}, {""latitude"": 58.24951622132693, ""longitude"": 7.969724159856528}, {""latitude"": 58.24932426564897, ""longitude"": 7.970324974675864}, {""latitude"": 58.24915677403265, ""longitude"": 7.971202578600756}, {""latitude"": 58.24887448304958, ""longitude"": 7.972200360354296}, {""latitude"": 58.248563960372415, ""longitude"": 7.972565140780321}, {""latitude"": 58.24815180789171, ""longitude"": 7.9725973272885}, {""latitude"": 58.24807276440271, ""longitude"": 7.972790446337572}, {""latitude"": 58.248084056340495, ""longitude"": 7.973176684435717}, {""latitude"": 58.24792596888423, ""longitude"": 7.973477091845385}, {""latitude"": 58.24761543790034, ""longitude"": 7.973509278353563}, {""latitude"": 58.24745170228659, ""longitude"": 7.973756041582933}]"
52849,Skådane,Parkering finner du like sør for Bommen. Følg kjerrevei oppover skogen langs Bombekken. Ganske bratt oppover de første hundre meterene. Følg bekken og ta første kryss til høyre der det er merket tursti. Da går du den gamleveien til Skådane husmannsplass. Plassen skal være bebodd fra 1820 -1885. Man kan se en antydning til grunnmurer og restene av en bakerovn.,58.278361,7.946061,100,75,Enkel,True,2311,,,https://images.trimpoeng.no/activity_external_14640357454075949.jpg,Trimpoeng Milevis 2021,
52850,Jovannet Rundt (ca 3.3 km),"Kjør fra Vennesla sentrum og inn Erkleivveien. Parker bilen langs veien følg skogsvegen på høyre side, rett frem. Denne går etterhvert over til en sti. Fortsett på denne til du kommer frem til Jovannet.
Her følger du bilveg frem til enden av vannet. Ta til venstre og følg veg/sti tilbake til utgangspunktet. Dette er en flott rundtur langs Jovannet som mange også bruker som løpetur og trening.",58.258563,8.034208,100,100,Medium,True,201,1938,,https://images.trimpoeng.no/activity_external_14626164824931263.jpg,Trimpoeng Milevis 2021,"[{""latitude"": 58.260205541826664, ""longitude"": 8.013356924057007}, {""latitude"": 58.259957203294, ""longitude"": 8.014150857925415}, {""latitude"": 58.259674998303794, ""longitude"": 8.014644384384155}, {""latitude"": 58.259358926047064, ""longitude"": 8.01477313041687}, {""latitude"": 58.2590767162931, ""longitude"": 8.014708757400513}, {""latitude"": 58.25880579281529, ""longitude"": 8.014558553695679}, {""latitude"": 58.25860259884787, ""longitude"": 8.014880418777466}, {""latitude"": 58.25843326965186, ""longitude"": 8.015094995498657}, {""latitude"": 58.25838811506296, ""longitude"": 8.015352487564087}, {""latitude"": 58.258218784842285, ""longitude"": 8.015416860580444}, {""latitude"": 58.2580268762809, ""longitude"": 8.015481233596802}, {""latitude"": 58.25785754433444, ""longitude"": 8.015588521957397}, {""latitude"": 58.25773336705958, ""longitude"": 8.015631437301636}, {""latitude"": 58.2575640337109, ""longitude"": 8.015588521957397}, {""latitude"": 58.25746243331341, ""longitude"": 8.015609979629517}, {""latitude"": 58.25733825465432, ""longitude"": 8.015846014022827}, {""latitude"": 58.25725923164475, ""longitude"": 8.016189336776733}, {""latitude"": 58.25711247415953, ""longitude"": 8.016618490219116}, {""latitude"": 58.25703345064662, ""longitude"": 8.016940355300903}, {""latitude"": 58.256909270484655, ""longitude"": 8.017433881759644}, {""latitude"": 58.25671735483312, ""longitude"": 8.017820119857788}, {""latitude"": 58.2566383304393, ""longitude"": 8.018249273300171}, {""latitude"": 58.25658188433586, ""longitude"": 8.01876425743103}, {""latitude"": 58.25645770259189, ""longitude"": 8.018828630447388}, {""latitude"": 58.256310941788094, ""longitude"": 8.019129037857056}, {""latitude"": 58.25638828546367, ""longitude"": 8.019520650432469}, {""latitude"": 58.25638996691179, ""longitude"": 8.019944429397583}, {""latitude"": 58.256152891012185, ""longitude"": 8.020051717758179}, {""latitude"": 58.25587065573093, ""longitude"": 8.020094633102417}, {""latitude"": 58.2558367873462, ""longitude"": 8.020673990249634}, {""latitude"": 58.25572389249661, ""longitude"": 8.02127480506897}, {""latitude"": 58.255577128654636, ""longitude"": 8.021596670150757}, {""latitude"": 58.25541907460683, ""longitude"": 8.022176027297974}, {""latitude"": 58.255340047318626, ""longitude"": 8.022669553756714}, {""latitude"": 58.25518199221372, ""longitude"": 8.022927045822144}, {""latitude"": 58.25493361848215, ""longitude"": 8.023205995559692}, {""latitude"": 58.25486587988971, ""longitude"": 8.023720979690552}, {""latitude"": 58.25480943096379, ""longitude"": 8.024235963821411}, {""latitude"": 58.25465137349298, ""longitude"": 8.024643659591675}, {""latitude"": 58.25451589509998, ""longitude"": 8.0250084400177}, {""latitude"": 58.254549764746784, ""longitude"": 8.025609254837036}, {""latitude"": 58.25464008364667, ""longitude"": 8.026188611984253}, {""latitude"": 58.25469653284225, ""longitude"": 8.02676796913147}, {""latitude"": 58.25493361848217, ""longitude"": 8.02726149559021}, {""latitude"": 58.25535133694201, ""longitude"": 8.027690649032593}, {""latitude"": 58.25556583910316, ""longitude"": 8.028355836868286}, {""latitude"": 58.25550939129188, ""longitude"": 8.02876353263855}, {""latitude"": 58.2553852057906, ""longitude"": 8.029085397720337}, {""latitude"": 58.25527230950282, ""longitude"": 8.029407262802124}, {""latitude"": 58.25524973020213, ""longitude"": 8.029857873916626}, {""latitude"": 58.255362626561784, ""longitude"": 8.030351400375366}, {""latitude"": 58.25569002397164, ""longitude"": 8.030608892440796}, {""latitude"": 58.25625449516332, ""longitude"": 8.03101658821106}, {""latitude"": 58.25643512404623, ""longitude"": 8.031316995620728}, {""latitude"": 58.256525438142546, ""longitude"": 8.031789064407349}, {""latitude"": 58.256615752008706, ""longitude"": 8.03226113319397}, {""latitude"": 58.25680766821033, ""longitude"": 8.032776117324829}, {""latitude"": 58.25698829427443, ""longitude"": 8.033119440078735}, {""latitude"": 58.25743985540775, ""longitude"": 8.033334016799927}, {""latitude"": 58.25764305604095, ""longitude"": 8.033677339553833}, {""latitude"": 58.258004298734775, ""longitude"": 8.033934831619263}, {""latitude"": 58.25819620741841, ""longitude"": 8.034085035324097}, {""latitude"": 58.258382470735306, ""longitude"": 8.034412264823914}]"
52851,Slettehei,"Utkikstårnet på Slettheia ligger på 277 MOH. Fantastisk flott utsikt når du kommer opp i tårnet. Til Slettehei kan du komme fra flere plasser. Det går merket løype fra Lomtjønn, Ålefjær,og Saga terrasse. .Se UT.no for de forskjellige alternativene",58.229367,7.987145,100,200,Krevende,True,289,,,https://images.trimpoeng.no/activity_external_14622159568760592.jpg,Trimpoeng Milevis 2021,
52852,Oksla (10km) Venneslas høyeste punkt,"Ta turen til Vennesla'shøyeste punkt. Utgangspungt for denne turen er Høversland. Første 4 km er stort sett traktor/atv spor. Siste km går på dårlig merket stier, men det er greit å gå. Følg GPS spor i APP
Husk å vise hensyn når dere parkerer.",58.428527,7.674905,100,1000,Ekstra krevende,True,172,,,https://images.trimpoeng.no/activity_external_15854336992742055.jpg,Trimpoeng Milevis 2021,"[{""latitude"": 58.3868991, ""longitude"": 7.6631131}, {""latitude"": 58.3874125, ""longitude"": 7.6621554}, {""latitude"": 58.3881242, ""longitude"": 7.6613479}, {""latitude"": 58.3884822, ""longitude"": 7.659901}, {""latitude"": 58.3891287, ""longitude"": 7.6604236}, {""latitude"": 58.3894668, ""longitude"": 7.6604138}, {""latitude"": 58.3903345, ""longitude"": 7.6594881}, {""latitude"": 58.3921036, ""longitude"": 7.6590275}, {""latitude"": 58.3924404, ""longitude"": 7.6587147}, {""latitude"": 58.3936788, ""longitude"": 7.6599279}, {""latitude"": 58.394085, ""longitude"": 7.6599278}, {""latitude"": 58.3945958, ""longitude"": 7.6603751}, {""latitude"": 58.3960021, ""longitude"": 7.6607862}, {""latitude"": 58.3971641, ""longitude"": 7.6605452}, {""latitude"": 58.3982379, ""longitude"": 7.6605299}, {""latitude"": 58.3986098, ""longitude"": 7.6603771}, {""latitude"": 58.3986299, ""longitude"": 7.6599679}, {""latitude"": 58.3990052, ""longitude"": 7.660136}, {""latitude"": 58.3990273, ""longitude"": 7.6599351}, {""latitude"": 58.4000236, ""longitude"": 7.6609661}, {""latitude"": 58.4019173, ""longitude"": 7.6618943}, {""latitude"": 58.4029098, ""longitude"": 7.6629997}, {""latitude"": 58.4038258, ""longitude"": 7.6633235}, {""latitude"": 58.4042287, ""longitude"": 7.6641595}, {""latitude"": 58.4052274, ""longitude"": 7.6650718}, {""latitude"": 58.405851, ""longitude"": 7.6647704}, {""latitude"": 58.4065541, ""longitude"": 7.6638606}, {""latitude"": 58.4085739, ""longitude"": 7.6640228}, {""latitude"": 58.4090185, ""longitude"": 7.66466}, {""latitude"": 58.4092734, ""longitude"": 7.6656296}, {""latitude"": 58.4094632, ""longitude"": 7.6657524}, {""latitude"": 58.4098047, ""longitude"": 7.6666057}, {""latitude"": 58.4100157, ""longitude"": 7.6666896}, {""latitude"": 58.4106396, ""longitude"": 7.6662143}, {""latitude"": 58.4115549, ""longitude"": 7.6661801}, {""latitude"": 58.4124997, ""longitude"": 7.6651485}, {""latitude"": 58.4141465, ""longitude"": 7.6644304}, {""latitude"": 58.4151459, ""longitude"": 7.6652446}, {""latitude"": 58.4173666, ""longitude"": 7.6663481}, {""latitude"": 58.4178994, ""longitude"": 7.6664171}, {""latitude"": 58.4192359, ""longitude"": 7.6674305}, {""latitude"": 58.4200731, ""longitude"": 7.6675981}, {""latitude"": 58.4213396, ""longitude"": 7.6695117}, {""latitude"": 58.4220291, ""longitude"": 7.6697717}, {""latitude"": 58.4223998, ""longitude"": 7.6702639}, {""latitude"": 58.4226123, ""longitude"": 7.6702171}, {""latitude"": 58.4230921, ""longitude"": 7.6705342}, {""latitude"": 58.4240731, ""longitude"": 7.6713765}, {""latitude"": 58.424334, ""longitude"": 7.671297}, {""latitude"": 58.4247662, ""longitude"": 7.6715671}, {""latitude"": 58.4256246, ""longitude"": 7.6727239}, {""latitude"": 58.4269793, ""longitude"": 7.6739033}, {""latitude"": 58.4273295, ""longitude"": 7.6745508}, {""latitude"": 58.4285102, ""longitude"": 7.6750129}]"
54274,Utsiktspunkt Dalane,"Turen starter i enden av lang slette like før Sjeddevannet. Flott sti på vestsiden av vannet. Dette er den gamle ferdselsveien mellom Ålefær og Vennesla, trolig tilbake til middelalderen. I enden av vannet bøyer stien av til høyre og stiger bratt oppover lia. Legg merke til restene av taubanemasta. Når det flater ut litt på toppen,  hopp over vegg til høyre, forsett ca 200 m i tett skog,  for så å stige veldig bratt opp eikeskoglia..Ta gjerne en pust i bakken,  hør på fuglesangen. Du nærmer deg toppen og ser fjellene og punktet på høyre side.  Nyt utsikten over Ålefærfjorden og havet i det fjerne.
På vei ned bør du ta en titt på de gamle demningene i utløpet av vannet.
Flott,  men bratt tur. Ca 4 km tur retur.",58.240809,8.004278,100,200,Krevende,True,77,,186,https://images.trimpoeng.no/activity_external_16189488461407480.jpg,Trimpoeng Milevis 2021,"[{""latitude"": 58.24329333, ""longitude"": 8.00811833}, {""latitude"": 58.24308, ""longitude"": 8.00775167}, {""latitude"": 58.24302333, ""longitude"": 8.00885667}, {""latitude"": 58.24255, ""longitude"": 8.00971}, {""latitude"": 58.24213833, ""longitude"": 8.01003}, {""latitude"": 58.24157333, ""longitude"": 8.00986}, {""latitude"": 58.241215, ""longitude"": 8.01040833}, {""latitude"": 58.24111667, ""longitude"": 8.01091333}, {""latitude"": 58.240435, ""longitude"": 8.01168667}, {""latitude"": 58.24025, ""longitude"": 8.01252333}, {""latitude"": 58.23957167, ""longitude"": 8.01367333}, {""latitude"": 58.2392, ""longitude"": 8.01401833}, {""latitude"": 58.23880333, ""longitude"": 8.01398667}, {""latitude"": 58.23858, ""longitude"": 8.01321}, {""latitude"": 58.238635, ""longitude"": 8.01290833}, {""latitude"": 58.23889167, ""longitude"": 8.01254667}, {""latitude"": 58.23935333, ""longitude"": 8.01232833}, {""latitude"": 58.24010833, ""longitude"": 8.01016}, {""latitude"": 58.23977833, ""longitude"": 8.009125}, {""latitude"": 58.23929833, ""longitude"": 8.00842667}, {""latitude"": 58.23892008662807, ""longitude"": 8.008009279787002}, {""latitude"": 58.23857667, ""longitude"": 8.00761667}, {""latitude"": 58.23862, ""longitude"": 8.007275}, {""latitude"": 58.239025, ""longitude"": 8.0072}, {""latitude"": 58.23925, ""longitude"": 8.00685333}, {""latitude"": 58.23899, ""longitude"": 8.006325}, {""latitude"": 58.238975, ""longitude"": 8.00578667}, {""latitude"": 58.23922833, ""longitude"": 8.00535167}, {""latitude"": 58.239685, ""longitude"": 8.00343667}, {""latitude"": 58.23986167, ""longitude"": 8.003505}, {""latitude"": 58.24027833, ""longitude"": 8.004315}, {""latitude"": 58.240390503196835, ""longitude"": 8.005157906721182}]"
54657,Tømmerrenna,"Tømmerrenna i Vennesla
Gå en spennende tur langs elva i selveste Tømmerrenna. Renna er ca. 4 kilometer lang fra starten ved Steinsfossen, til Beihølen. Her kan man se vannet renne i øverste del av renna. Tømmerrenna i Vennesla er i dag den eneste og lengste i sitt slag i hele Norge. Den originale Tømmerrenna av tre ble brukt til å fløte tømmer fra skogen til elva i gamle dager, og er gjennom årene blitt restaurert og vernet.
Turen starter ved Steinsfossen kraftstasjon.  Her finner du grei parkeringsplass til bilen. På turen i renna, får du oppleve den flotte elva, hengebroer, tunell, flotte rasteplasser, Paulen gård, og nedlagte Kringsjå kraftstasjon, fantastisk natur og herlige turopplevelser.
God tur!",58.325461,7.934245,100,100,Medium,True,482,4061,,https://images.trimpoeng.no/activity_external_16195541152150582.jpg,Trimpoeng Milevis 2021,"[{""latitude"": 58.29868588643321, ""longitude"": 7.9696555962643245}, {""latitude"": 58.29940753137057, ""longitude"": 7.96952685023161}, {""latitude"": 58.300456145441196, ""longitude"": 7.968947493084393}, {""latitude"": 58.3012905043303, ""longitude"": 7.9701062073788265}, {""latitude"": 58.30168362373377, ""longitude"": 7.968565187277541}, {""latitude"": 58.303104227818956, ""longitude"": 7.96809311849092}, {""latitude"": 58.304637514255546, ""longitude"": 7.967363557638869}, {""latitude"": 58.3064821712477, ""longitude"": 7.966505250754103}, {""latitude"": 58.30797021989169, ""longitude"": 7.966633996786818}, {""latitude"": 58.309616018976044, ""longitude"": 7.965947351279006}, {""latitude"": 58.31126243768225, ""longitude"": 7.964702806296096}, {""latitude"": 58.312727742574644, ""longitude"": 7.96384449941133}, {""latitude"": 58.314176148206585, ""longitude"": 7.961741647543654}, {""latitude"": 58.31541592339029, ""longitude"": 7.95985337239717}, {""latitude"": 58.31636263153756, ""longitude"": 7.957493028464064}, {""latitude"": 58.31702335973162, ""longitude"": 7.955089769186721}, {""latitude"": 58.317451616137696, ""longitude"": 7.950969896139846}, {""latitude"": 58.31711351940599, ""longitude"": 7.948566636862502}, {""latitude"": 58.31709097950894, ""longitude"": 7.946206292929396}, {""latitude"": 58.31740653676024, ""longitude"": 7.944833001913771}, {""latitude"": 58.318996257880485, ""longitude"": 7.942278191314975}, {""latitude"": 58.3202358640918, ""longitude"": 7.940819069610874}, {""latitude"": 58.32201631333903, ""longitude"": 7.937600418793003}, {""latitude"": 58.32409619694781, ""longitude"": 7.935684437766928}, {""latitude"": 58.325268020356084, ""longitude"": 7.9342682314070645}]"
54756,Byttingstjønn,"Utgangspunkt for turen er på toppen av Saga terrasse. Når du går fra parkeringa, holder du til høyre og går mot Skau-Skau. Her tar du mot Skråstad, 
Flott tur på grusveg, traktorveg og fin sti",58.214552,7.95096,100,100,Medium,True,82,,,https://images.trimpoeng.no/activity_external_16195544955239702.jpg,Trimpoeng Milevis 2021,"[{""latitude"": 58.22324833, ""longitude"": 7.94477333}, {""latitude"": 58.22275667, ""longitude"": 7.94615833}, {""latitude"": 58.22230833, ""longitude"": 7.94687}, {""latitude"": 58.22162167, ""longitude"": 7.94682333}, {""latitude"": 58.22024167, ""longitude"": 7.94773167}, {""latitude"": 58.21946167, ""longitude"": 7.94870167}, {""latitude"": 58.21930333, ""longitude"": 7.95046833}, {""latitude"": 58.21953167, ""longitude"": 7.95187333}, {""latitude"": 58.21934667, ""longitude"": 7.95282333}, {""latitude"": 58.21954333, ""longitude"": 7.95377}, {""latitude"": 58.21940833, ""longitude"": 7.954525}, {""latitude"": 58.21911167, ""longitude"": 7.95448333}, {""latitude"": 58.21843833, ""longitude"": 7.95363333}, {""latitude"": 58.217795, ""longitude"": 7.9538}, {""latitude"": 58.21723833, ""longitude"": 7.95423167}, {""latitude"": 58.21713667, ""longitude"": 7.95416}, {""latitude"": 58.21676167, ""longitude"": 7.95321333}, {""latitude"": 58.21624833, ""longitude"": 7.95329333}, {""latitude"": 58.21596667, ""longitude"": 7.95266833}, {""latitude"": 58.215005, ""longitude"": 7.95198833}, {""latitude"": 58.214874858580586, ""longitude"": 7.951647607479093}, {""latitude"": 58.21474521679643, ""longitude"": 7.951328547266083}, {""latitude"": 58.214631941791666, ""longitude"": 7.950842084655769}]"
54938,Rauåna,"Utgangspunkt for turen er Smååsane. Gå mot Moseidtjønn, når du kommer til sydenden, tar du stien mot Lindekleiv. Se GPS spor i APP. Etter ca 900m tar du sti til venstre. (det er også mulig å gå traktorvegen). Etter ca 600m på stien kommer du ned til traktorvegen igjen, da tar du til høyre opp bakken. Fin tur som du gjerne kan kombinere med Moseidvarden.",58.252642,7.937483,67,100,Medium,True,304,,,https://images.trimpoeng.no/activity_external_16195559891855390.jpg,Trimpoeng Milevis 2021,"[{""latitude"": 58.26428167, ""longitude"": 7.94149}, {""latitude"": 58.264275, ""longitude"": 7.94138333}, {""latitude"": 58.26314833, ""longitude"": 7.94117}, {""latitude"": 58.261135, ""longitude"": 7.94120667}, {""latitude"": 58.26083667, ""longitude"": 7.94144167}, {""latitude"": 58.26059333, ""longitude"": 7.94258}, {""latitude"": 58.26014333, ""longitude"": 7.94278667}, {""latitude"": 58.25960667, ""longitude"": 7.94158167}, {""latitude"": 58.25906833, ""longitude"": 7.94147167}, {""latitude"": 58.25858333, ""longitude"": 7.94159833}, {""latitude"": 58.25830333, ""longitude"": 7.94143667}, {""latitude"": 58.25803833, ""longitude"": 7.94163833}, {""latitude"": 58.25713167, ""longitude"": 7.941545}, {""latitude"": 58.25725833, ""longitude"": 7.94069}, {""latitude"": 58.25713, ""longitude"": 7.94039167}, {""latitude"": 58.25679833, ""longitude"": 7.94014}, {""latitude"": 58.25628, ""longitude"": 7.94044}, {""latitude"": 58.25559833, ""longitude"": 7.93953333}, {""latitude"": 58.254775, ""longitude"": 7.93915167}, {""latitude"": 58.25402833, ""longitude"": 7.93841833}, {""latitude"": 58.25323796029644, ""longitude"": 7.938067236745896}, {""latitude"": 58.253115782919856, ""longitude"": 7.937394119073775}, {""latitude"": 58.25263833, ""longitude"": 7.93716}, {""latitude"": 58.252644440572126, ""longitude"": 7.937438146171583}]"
55704,Trolldalshei,Flott kort tur til et fantastisk utsiktspunkt. Utgangspunktet for turen er Erklevvegen.,58.266575,7.987627,80,75,Enkel,True,810,,,https://images.trimpoeng.no/activity_external_16197212501142427.jpg,Trimpoeng Milevis 2021,"[{""latitude"": 58.267798264487, ""longitude"": 7.9880998312528}, {""latitude"": 58.267304183635, ""longitude"": 7.986557100204}, {""latitude"": 58.266931785846, ""longitude"": 7.9866924918733}, {""latitude"": 58.266769316902, ""longitude"": 7.9873929477936}, {""latitude"": 58.266579931046266, ""longitude"": 7.9876439398428145}]"
55705,Utsiktspunkt på Venneslaheia,"Utsiktspunkt på Venneslaheia mellom Heptekjerr og Rundåslia.
Utgangspunkt for turen er parkeringsplass i Heptekjerr. Turen begynner i Mila.
Følg GPS spor i App",58.275766,7.989152,100,100,Medium,True,355,,,https://images.trimpoeng.no/activity_external_16197224362114261.jpg,Trimpoeng Milevis 2021,"[{""latitude"": 58.283532115279, ""longitude"": 7.989627988207}, {""latitude"": 58.282980121009, ""longitude"": 7.9907788685429}, {""latitude"": 58.283110249383, ""longitude"": 7.9918694513189}, {""latitude"": 58.282376919847, ""longitude"": 7.9934099155457}, {""latitude"": 58.281945513013, ""longitude"": 7.9936543532752}, {""latitude"": 58.281228133755, ""longitude"": 7.9936786825528}, {""latitude"": 58.280124659292, ""longitude"": 7.9947088750349}, {""latitude"": 58.279874447888, ""longitude"": 7.9945868155247}, {""latitude"": 58.279321728414, ""longitude"": 7.9948952512582}, {""latitude"": 58.279024939519, ""longitude"": 7.9942467392489}, {""latitude"": 58.279526173042, ""longitude"": 7.9923721179621}, {""latitude"": 58.279686998329, ""longitude"": 7.9904650359079}, {""latitude"": 58.279605883199, ""longitude"": 7.989345412681}, {""latitude"": 58.279151695158, ""longitude"": 7.9895246607227}, {""latitude"": 58.278731049252, ""longitude"": 7.9901744111418}, {""latitude"": 58.278348476416, ""longitude"": 7.9897757049656}, {""latitude"": 58.27779907097, ""longitude"": 7.9896184279321}, {""latitude"": 58.276280452145, ""longitude"": 7.9886135421523}, {""latitude"": 58.275836801009, ""longitude"": 7.9881683929997}, {""latitude"": 58.2757999943, ""longitude"": 7.9887168682729}]"
